DDATE,custitem_producttybe,URL,varieties,combined,totasecs,category,USerID,previousPage
2016-04-21 00:40:08.16,Red-Wine,,,Red-Wine,,type,77,
2016-04-21 00:40:47.826,Red-Wine,,Shiraz,Shiraz,39,type,77,Red-Wine
2016-04-21 00:41:16.273,Red-Wine,,Shiraz,Shiraz,29,type,77,Shiraz
2016-04-21 00:41:42.373,Red-Wine,,Shiraz,Shiraz,26,type,77,Shiraz
2016-04-21 00:42:08.369,Mixed-Red-and-White,,,Mixed-Red-and-White,26,type,77,Shiraz
2016-04-21 00:43:05.749,,5-Star-Halliday-Winery-Mega-Bundle-14-Bottles,,5-Star-Halliday-Winery-Mega-Bundle-14-Bottles,57,wine,77,Mixed-Red-and-White
2016-04-21 00:43:06.418,,,Mixed-Red,Mixed-Red,1,variety,77,5-Star-Halliday-Winery-Mega-Bundle-14-Bottles
2016-04-21 00:40:45.062,Red-Wine,,,Red-Wine,,type,32,
2016-04-21 00:44:28.645,Red-Wine,,,Red-Wine,223,type,32,Red-Wine
2016-04-21 00:44:51.531,Red-Wine,,,Red-Wine,23,type,32,Red-Wine
2016-04-21 00:45:20.244,Red-Wine,,,Red-Wine,29,type,32,Red-Wine
2016-04-21 00:46:10.814,Red-Wine,,,Red-Wine,50,type,32,Red-Wine
2016-04-21 00:47:32.216,,Vintique-Langhorne-Creek-Shiraz-2013-12-Bottles,,Vintique-Langhorne-Creek-Shiraz-2013-12-Bottles,82,wine,32,Red-Wine
2016-04-21 00:47:32.595,,,Shiraz,Shiraz,0,variety,32,Vintique-Langhorne-Creek-Shiraz-2013-12-Bottles
2016-04-21 00:48:40.321,,Creswell-Clare-Valley-Shiraz-2014-12-Bottles,,Creswell-Clare-Valley-Shiraz-2014-12-Bottles,68,wine,32,Shiraz
2016-04-21 00:48:40.683,,,Shiraz,Shiraz,0,variety,32,Creswell-Clare-Valley-Shiraz-2014-12-Bottles
2016-04-21 00:49:41.744,,,Shiraz,Shiraz,61,variety,32,Shiraz
2016-04-21 00:49:59.29,,,Shiraz,Shiraz,18,variety,32,Shiraz
2016-04-21 00:25:22.43,Sparkling-and-Champagne,,,Sparkling-and-Champagne,,type,55,
2016-04-21 00:25:43.412,White-Wine,,,White-Wine,21,type,55,Sparkling-and-Champagne
2016-04-21 00:25:49.027,White-Wine,,,White-Wine,6,type,55,White-Wine
2016-04-21 00:26:05.329,White-Wine,,,White-Wine,16,type,55,White-Wine
2016-04-21 00:26:42.644,Sparkling-and-Champagne,,,Sparkling-and-Champagne,37,type,55,White-Wine
2016-04-21 00:26:49.277,,Ti-Point-Marlborough-Sauvignon-Blanc-2014-12-Bottles,,Ti-Point-Marlborough-Sauvignon-Blanc-2014-12-Bottles,7,wine,55,Sparkling-and-Champagne
2016-04-21 00:27:38.161,Sparkling-and-Champagne,,,Sparkling-and-Champagne,49,type,55,Ti-Point-Marlborough-Sauvignon-Blanc-2014-12-Bottles
2016-04-21 00:19:29.325,,,Shiraz,Shiraz,,variety,5,
2016-04-21 00:21:36.514,Red-Wine,,,Red-Wine,127,type,5,Shiraz
2016-04-21 00:22:30.291,Red-Wine,,,Red-Wine,54,type,5,Red-Wine
2016-04-21 00:23:31.575,Red-Wine,,,Red-Wine,61,type,5,Red-Wine
2016-04-21 00:24:26.551,Red-Wine,,,Red-Wine,55,type,5,Red-Wine
2016-04-21 00:25:46.218,Red-Wine,,,Red-Wine,80,type,5,Red-Wine
2016-04-21 00:28:03.998,,Jamiesons-Run-Cabernet-Sauvignon-2012-6-Bottles,,Jamiesons-Run-Cabernet-Sauvignon-2012-6-Bottles,137,wine,5,Red-Wine
2016-04-21 00:28:04.367,,,Cabernet-Sauvignon,Cabernet-Sauvignon,1,variety,5,Jamiesons-Run-Cabernet-Sauvignon-2012-6-Bottles
2016-04-21 00:29:04.037,,Hesketh-The-Protagonist-Barossa-Shiraz-2013-12-Bottles,,Hesketh-The-Protagonist-Barossa-Shiraz-2013-12-Bottles,60,wine,5,Cabernet-Sauvignon
2016-04-21 00:29:04.395,,,Shiraz,Shiraz,0,variety,5,Hesketh-The-Protagonist-Barossa-Shiraz-2013-12-Bottles
2016-04-21 00:30:18.367,Red-Wine,,,Red-Wine,74,type,5,Shiraz
2016-04-21 00:31:17.344,Red-Wine,,,Red-Wine,59,type,5,Red-Wine
2016-04-21 00:31:42.078,,Annies-Lane-Shiraz-Clare-Valley-2013-12-Bottles,,Annies-Lane-Shiraz-Clare-Valley-2013-12-Bottles,25,wine,5,Red-Wine
2016-04-21 00:31:42.502,,,Shiraz,Shiraz,0,variety,5,Annies-Lane-Shiraz-Clare-Valley-2013-12-Bottles
2016-04-21 00:35:38.158,,Zilzie-Regional-Collection-Barossa-Shiraz-2013-6-Bottles,,Zilzie-Regional-Collection-Barossa-Shiraz-2013-6-Bottles,236,wine,5,Shiraz
2016-04-21 00:35:38.637,,,Shiraz,Shiraz,0,variety,5,Zilzie-Regional-Collection-Barossa-Shiraz-2013-6-Bottles
2016-04-21 00:37:05.499,Red-Wine,,,Red-Wine,87,type,5,Shiraz
2016-04-21 00:39:18.114,Red-Wine,,,Red-Wine,133,type,5,Red-Wine
2016-04-21 00:39:38.922,,Dandelion-Pride-of-the-Fleurieu-Cabernet-2013-12-Bottles,,Dandelion-Pride-of-the-Fleurieu-Cabernet-2013-12-Bottles,20,wine,5,Red-Wine
2016-04-21 00:39:39.3,,,Cabernet-Sauvignon,Cabernet-Sauvignon,1,variety,5,Dandelion-Pride-of-the-Fleurieu-Cabernet-2013-12-Bottles
2016-04-21 00:41:07.317,Red-Wine,,,Red-Wine,88,type,5,Cabernet-Sauvignon
2016-04-21 00:41:35.695,Red-Wine,,,Red-Wine,26,type,5,Red-Wine
2016-04-21 00:42:34.266,Red-Wine,,,Red-Wine,59,type,5,Red-Wine
2016-04-21 00:43:47.909,Red-Wine,,,Red-Wine,73,type,5,Red-Wine
2016-04-21 00:47:30.872,Sparkling-and-Champagne,,,Sparkling-and-Champagne,223,type,5,Red-Wine
2016-04-21 00:48:57.71,,Grandial-Blanc-de-Blancs-Doz,,Grandial-Blanc-de-Blancs-Doz,30,wine,5,Sparkling-and-Champagne
2016-04-21 00:48:57.997,,,White-Blend,White-Blend,0,variety,5,Grandial-Blanc-de-Blancs-Doz
2016-04-21 00:48:58.326,White-Wine,,,White-Wine,1,type,5,White-Blend
2016-04-21 00:04:55.558,Red-Wine,,,Red-Wine,,type,104,
2016-04-21 00:05:57.238,Red-Wine,,,Red-Wine,62,type,104,Red-Wine
2016-04-21 00:06:25.021,Red-Wine,,,Red-Wine,28,type,104,Red-Wine
2016-04-21 00:07:05.591,Red-Wine,,,Red-Wine,40,type,104,Red-Wine
2016-04-21 00:23:01.4,Mixed-Red-and-White,,,Mixed-Red-and-White,,type,29,
2016-04-21 00:23:17.434,Mixed-Red-and-White,,,Mixed-Red-and-White,16,type,29,Mixed-Red-and-White
2016-04-21 00:23:36.22,Mixed-Red-and-White,,,Mixed-Red-and-White,19,type,29,Mixed-Red-and-White
2016-04-21 00:24:06.02,Mixed-Red-and-White,,,Mixed-Red-and-White,30,type,29,Mixed-Red-and-White
2016-04-21 00:26:19.147,Red-Wine,,,Red-Wine,133,type,29,Mixed-Red-and-White
2016-04-21 00:26:26.522,Red-Wine,,,Red-Wine,7,type,29,Red-Wine
2016-04-21 00:26:35.845,Red-Wine,,,Red-Wine,9,type,29,Red-Wine
2016-04-21 00:27:09.887,Red-Wine,,,Red-Wine,34,type,29,Red-Wine
2016-04-21 00:27:40.571,Red-Wine,,,Red-Wine,31,type,29,Red-Wine
2016-04-21 00:28:06.682,Red-Wine,,,Red-Wine,26,type,29,Red-Wine
2016-04-21 00:28:36.216,Red-Wine,,,Red-Wine,30,type,29,Red-Wine
2016-04-21 00:30:05.81,Red-Wine,,,Red-Wine,89,type,29,Red-Wine
2016-04-21 00:31:04.016,Mixed-Red-and-White,,,Mixed-Red-and-White,59,type,29,Red-Wine
2016-04-21 00:31:36.088,Mixed-Red-and-White,,,Mixed-Red-and-White,32,type,29,Mixed-Red-and-White
2016-04-21 00:22:07.132,Red-Wine,,,Red-Wine,,type,6,
2016-04-21 00:25:23.343,Red-Wine,,,Red-Wine,196,type,6,Red-Wine
2016-04-21 00:25:48.317,Red-Wine,,Malbec,Red-WineMalbec,25,type,6,Red-Wine
2016-04-21 00:25:57.556,Red-Wine,,Cabernet-Malbec,Red-WineCabernet-Malbec,9,type,6,Red-WineMalbec
2016-04-21 00:26:11.848,Red-Wine,,Grenache-Shiraz-Mataro,Red-WineGrenache-Shiraz-Mataro,14,type,6,Red-WineCabernet-Malbec
2016-04-21 00:27:02.216,Red-Wine,,Tempranillo-Grenache,Red-WineTempranillo-Grenache,51,type,6,Red-WineGrenache-Shiraz-Mataro
2016-04-21 00:27:32.475,Red-Wine,,Shiraz-Grenache,Red-WineShiraz-Grenache,30,type,6,Red-WineTempranillo-Grenache
2016-04-21 00:28:33.133,,,Bordeaux-Blend,Bordeaux-Blend,13,variety,6,Red-WineShiraz-Grenache
2016-04-21 00:28:43.624,,,Cabernet-Malbec,Cabernet-Malbec,10,variety,6,Bordeaux-Blend
2016-04-21 00:28:52.716,,,Cabernet-Shiraz-Merlot,Cabernet-Shiraz-Merlot,9,variety,6,Cabernet-Malbec
2016-04-21 00:29:02.34,,,Champagne,Champagne,10,variety,6,Cabernet-Shiraz-Merlot
2016-04-21 00:29:18.662,,,Mixed-Case-%252B-Gift,Mixed-Case-%252B-Gift,16,variety,6,Champagne
2016-04-21 00:29:30.053,,,Mixed-Red,Mixed-Red,12,variety,6,Mixed-Case-%252B-Gift
2016-04-21 00:29:55.936,,Big-House-Red-Mixed-Case-14-Bottles,,Big-House-Red-Mixed-Case-14-Bottles,25,wine,6,Mixed-Red
2016-04-21 00:29:56.387,,,Mixed-Red,Mixed-Red,1,variety,6,Big-House-Red-Mixed-Case-14-Bottles
2016-04-21 00:30:09.499,,5-Star-Halliday-Winery-Mega-Bundle-14-Bottles,,5-Star-Halliday-Winery-Mega-Bundle-14-Bottles,13,wine,6,Mixed-Red
2016-04-21 00:30:09.945,,,Mixed-Red,Mixed-Red,0,variety,6,5-Star-Halliday-Winery-Mega-Bundle-14-Bottles
2016-04-21 00:30:59.633,,Mystery-Barossa-Shiraz-2012-6-Bottles,,Mystery-Barossa-Shiraz-2012-6-Bottles,50,wine,6,Mixed-Red
2016-04-21 00:31:01.712,,,Shiraz,Shiraz,2,variety,6,Mystery-Barossa-Shiraz-2012-6-Bottles
2016-04-21 00:52:08.703,,Cross-Quay-Eden-Valley-Pinot-Gris-2015-12-Bottles,,Cross-Quay-Eden-Valley-Pinot-Gris-2015-12-Bottles,84,wine,26,
2016-04-21 00:52:09.44,,,Pinot-Grigio,Pinot-Grigio,1,variety,26,Cross-Quay-Eden-Valley-Pinot-Gris-2015-12-Bottles
2016-04-21 00:52:09.861,White-Wine,,,White-Wine,0,type,26,Pinot-Grigio
2016-04-21 00:09:19.263,,Malindi-Vintners-Stranded-Dune-Shiraz-2013-12-Bottles,,Malindi-Vintners-Stranded-Dune-Shiraz-2013-12-Bottles,2,wine,117,
2016-04-21 00:09:19.596,,,Shiraz,Shiraz,0,variety,117,Malindi-Vintners-Stranded-Dune-Shiraz-2013-12-Bottles
2016-04-21 00:41:09.287,Mixed-Red-and-White,,,Mixed-Red-and-White,,type,13,
2016-04-21 00:42:28.589,Mixed-Red-and-White,,,Mixed-Red-and-White,79,type,13,Mixed-Red-and-White
2016-04-21 00:43:13.048,,Mystery-Mixed-Selection-12-Bottles,,Mystery-Mixed-Selection-12-Bottles,45,wine,13,Mixed-Red-and-White
2016-04-21 00:43:13.562,,,Mixed-Red-and-White,Mixed-Red-and-White,0,variety,13,Mystery-Mixed-Selection-12-Bottles
2016-04-21 00:45:07.074,Mixed-Red-and-White,,,Mixed-Red-and-White,75,type,13,Mixed-Red-and-White
2016-04-21 00:45:43.181,White-Wine,,,White-Wine,36,type,13,Mixed-Red-and-White
2016-04-21 00:46:03.308,White-Wine,,,White-Wine,20,type,13,White-Wine
2016-04-21 00:46:40.571,,Wonderwall-Margaret-River-Sauvignon-Blanc-2014-12-Bottles,,Wonderwall-Margaret-River-Sauvignon-Blanc-2014-12-Bottles,37,wine,13,White-Wine
2016-04-21 00:46:41.114,,,Sauvignon-Blanc-Semillon,Sauvignon-Blanc-Semillon,1,variety,13,Wonderwall-Margaret-River-Sauvignon-Blanc-2014-12-Bottles
2016-04-21 00:47:31.502,,El-Circo-Tempranillo-2014-12-Bottles,,El-Circo-Tempranillo-2014-12-Bottles,2,wine,13,Sauvignon-Blanc-Semillon
2016-04-21 00:47:32.041,,,Tempranillo,Tempranillo,1,variety,13,El-Circo-Tempranillo-2014-12-Bottles
2016-04-21 00:21:14.329,,,Shiraz-Cabernet-Sauvignon,Shiraz-Cabernet-Sauvignon,,variety,49,
2016-04-21 00:21:15.155,Mixed-Red-and-White,,,Mixed-Red-and-White,1,type,49,Shiraz-Cabernet-Sauvignon
2016-04-21 00:24:15.274,,Biscay-Road-McLarenVale-Shiraz-2014-12-Bottles,,Biscay-Road-McLarenVale-Shiraz-2014-12-Bottles,180,wine,49,Mixed-Red-and-White
2016-04-21 00:24:17.307,,,Shiraz,Shiraz,2,variety,49,Biscay-Road-McLarenVale-Shiraz-2014-12-Bottles
2016-04-21 00:28:13.707,,Grant-Burge-Batch-28-Shiraz-2014-12-Bottles,,Grant-Burge-Batch-28-Shiraz-2014-12-Bottles,236,wine,49,Shiraz
2016-04-21 00:28:14.553,,,Shiraz,Shiraz,1,variety,49,Grant-Burge-Batch-28-Shiraz-2014-12-Bottles
2016-04-21 00:28:40.154,,,Shiraz,Shiraz,26,variety,49,Shiraz
2016-04-21 00:29:00.999,,,Shiraz,Shiraz,20,variety,49,Shiraz
2016-04-21 00:29:27.443,,,Shiraz,Shiraz,27,variety,49,Shiraz
2016-04-21 00:30:21.742,,,Shiraz,Shiraz,54,variety,49,Shiraz
2016-04-21 00:30:43.422,,,Shiraz,Shiraz,22,variety,49,Shiraz
2016-04-21 00:42:17.849,,Mega-Red-Mix-with-Johnnie-Walker-12-Bottles,,Mega-Red-Mix-with-Johnnie-Walker-12-Bottles,,wine,89,
2016-04-21 00:42:23.508,,,Mixed-case-%2B-spirits,Mixed-case-%2B-spirits,6,variety,89,Mega-Red-Mix-with-Johnnie-Walker-12-Bottles
2016-04-21 00:44:42.606,Mixed-Red-and-White,,,Mixed-Red-and-White,139,type,89,Mixed-case-%2B-spirits
2016-04-21 00:01:01.226,,Ashton-Gate-SA-Shiraz-Cabernet-2014-12-Bottles,,Ashton-Gate-SA-Shiraz-Cabernet-2014-12-Bottles,6,wine,56,
2016-04-21 00:01:01.522,,,Cabernet-Shiraz,Cabernet-Shiraz,0,variety,56,Ashton-Gate-SA-Shiraz-Cabernet-2014-12-Bottles
2016-04-21 00:01:11.202,Red-Wine,,,Red-Wine,10,type,56,Cabernet-Shiraz
2016-04-21 00:26:59.165,,,Pinot-Noir,Pinot-Noir,,variety,8,
2016-04-21 00:27:08.331,,,Sauvignon-Blanc-Pinot-Gris,Sauvignon-Blanc-Pinot-Gris,9,variety,8,Pinot-Noir
2016-04-21 00:27:08.562,,,Pinot-Gris-SLASH-Pinot-Grigio,Pinot-Gris-SLASH-Pinot-Grigio,0,variety,8,Sauvignon-Blanc-Pinot-Gris
2016-04-21 00:37:44.269,,Lindemans-St-George-Cabernet-2012-6-Bottles-1,,Lindemans-St-George-Cabernet-2012-6-Bottles-1,1,wine,8,Pinot-Gris-SLASH-Pinot-Grigio
2016-04-21 00:37:44.568,,,Cabernet-Sauvignon,Cabernet-Sauvignon,0,variety,8,Lindemans-St-George-Cabernet-2012-6-Bottles-1
2016-04-21 00:41:09.508,,dArenberg-Custodian-McLaren-Vale-Grenache-2012-12-Bottles,,dArenberg-Custodian-McLaren-Vale-Grenache-2012-12-Bottles,6,wine,8,Cabernet-Sauvignon
2016-04-21 00:41:09.763,,,Grenache,Grenache,0,variety,8,dArenberg-Custodian-McLaren-Vale-Grenache-2012-12-Bottles
2016-04-21 00:41:10.22,,,Sauvignon-Blanc-Pinot-Gris,Sauvignon-Blanc-Pinot-Gris,1,variety,8,Grenache
2016-04-21 00:42:17.647,,,Cabernet-Sauvignon,Cabernet-Sauvignon,1,variety,8,Sauvignon-Blanc-Pinot-Gris
2016-04-21 00:42:31.202,Red-Wine,,Cabernet-Sauvignon,Red-WineCabernet-Sauvignon,14,type,8,Cabernet-Sauvignon
2016-04-21 00:42:34.753,Red-Wine,,Cabernet-Sauvignon,Red-WineCabernet-Sauvignon,3,type,8,Red-WineCabernet-Sauvignon
2016-04-21 00:42:36.824,Red-Wine,,Cabernet-Sauvignon,Red-WineCabernet-Sauvignon,2,type,8,Red-WineCabernet-Sauvignon
2016-04-21 00:45:08.392,White-Wine,,,White-Wine,152,type,8,Red-WineCabernet-Sauvignon
2016-04-21 00:45:11.669,White-Wine,,,White-Wine,3,type,8,White-Wine
2016-04-21 00:45:14.776,White-Wine,,,White-Wine,3,type,8,White-Wine
2016-04-21 00:45:22.577,,Mystery-Margaret-River-Limited-Release-Chardonnay-2012-6-Bottles,,Mystery-Margaret-River-Limited-Release-Chardonnay-2012-6-Bottles,8,wine,8,White-Wine
2016-04-21 00:45:22.955,,,Chardonnay,Chardonnay,0,variety,8,Mystery-Margaret-River-Limited-Release-Chardonnay-2012-6-Bottles
2016-04-21 00:23:25.614,White-Wine,,,White-Wine,,type,57,
2016-04-21 00:23:32.006,White-Wine,,Riesling,White-WineRiesling,7,type,57,White-Wine
2016-04-21 00:23:48.811,White-Wine,,Riesling,White-WineRiesling,16,type,57,White-WineRiesling
2016-04-21 00:24:09.288,,,Riesling,Riesling,21,variety,57,White-WineRiesling
2016-04-21 00:25:43.587,,Hero-Red-Mix-6-bottles-Decanter,,Hero-Red-Mix-6-bottles-Decanter,43,wine,57,Riesling
2016-04-21 00:25:44.276,,,Mixed-Case-%2B-Gift,Mixed-Case-%2B-Gift,1,variety,57,Hero-Red-Mix-6-bottles-Decanter
2016-04-21 00:25:44.706,Mixed-Red-and-White,,,Mixed-Red-and-White,0,type,57,Mixed-Case-%2B-Gift
2016-04-21 00:19:32.212,,,Shiraz-Cabernet,Shiraz-Cabernet,,variety,118,
2016-04-21 00:25:00.619,,,Shiraz-Cabernet,Shiraz-Cabernet,11,variety,118,Shiraz-Cabernet
2016-04-21 00:02:55.394,Red-Wine,,,Red-Wine,,type,50,
2016-04-21 00:05:31.137,Red-Wine,,,Red-Wine,33,type,50,Red-Wine
2016-04-21 00:06:03.614,Red-Wine,,,Red-Wine,32,type,50,Red-Wine
2016-04-21 00:07:24.806,Red-Wine,,Cabernet-Sauvignon,Red-WineCabernet-Sauvignon,81,type,50,Red-Wine
2016-04-21 00:08:11.418,Red-Wine,,Cabernet-Sauvignon,Red-WineCabernet-Sauvignon,47,type,50,Red-WineCabernet-Sauvignon
2016-04-21 00:12:57.805,,Mega-Red-Mix-with-Johnnie-Walker-12-Bottles,,Mega-Red-Mix-with-Johnnie-Walker-12-Bottles,,wine,106,
2016-04-21 00:13:00.535,,,Mixed-case-%2B-spirits,Mixed-case-%2B-spirits,3,variety,106,Mega-Red-Mix-with-Johnnie-Walker-12-Bottles
2016-04-21 00:33:13.409,Red-Wine,,,Red-Wine,10,type,90,
2016-04-21 00:33:20.534,Red-Wine,,,Red-Wine,7,type,90,Red-Wine
2016-04-21 00:34:44.856,Red-Wine,,,Red-Wine,84,type,90,Red-Wine
2016-04-21 00:44:04.491,Mixed-Red-and-White,,,Mixed-Red-and-White,,type,9,
2016-04-21 00:44:08.198,White-Wine,,,White-Wine,4,type,9,Mixed-Red-and-White
2016-04-21 00:44:34.702,White-Wine,,,White-Wine,26,type,9,White-Wine
2016-04-21 00:44:35.527,Red-Wine,,,Red-Wine,1,type,9,White-Wine
2016-04-21 00:44:55.627,Red-Wine,,,Red-Wine,20,type,9,Red-Wine
2016-04-21 00:45:11.777,Red-Wine,,,Red-Wine,16,type,9,Red-Wine
2016-04-21 00:50:37.775,,Mixed-White-Party-Mix-12-Bottles,,Mixed-White-Party-Mix-12-Bottles,23,wine,9,Red-Wine
2016-04-21 00:50:38.167,,,Mixed-White,Mixed-White,1,variety,9,Mixed-White-Party-Mix-12-Bottles
2016-04-21 00:03:31.45,Mixed-Red-and-White,,,Mixed-Red-and-White,,type,10,
2016-04-21 00:03:56.247,Mixed-Red-and-White,,,Mixed-Red-and-White,25,type,10,Mixed-Red-and-White
2016-04-21 00:04:39.298,,Marlborough-Sav-Blanc-Superstars-12-Bottles,,Marlborough-Sav-Blanc-Superstars-12-Bottles,43,wine,10,Mixed-Red-and-White
2016-04-21 00:04:39.793,,,Sauvignon-Blanc,Sauvignon-Blanc,0,variety,10,Marlborough-Sav-Blanc-Superstars-12-Bottles
2016-04-21 00:05:36.941,,,Sauvignon-Blanc,Sauvignon-Blanc,57,variety,10,Sauvignon-Blanc
2016-04-21 00:05:47.529,,Red-Wine-and-Beer-Mix-18-bottle,,Red-Wine-and-Beer-Mix-18-bottle,11,wine,10,Sauvignon-Blanc
2016-04-21 00:05:47.999,,,Mixed-Case-and-Beer,Mixed-Case-and-Beer,0,variety,10,Red-Wine-and-Beer-Mix-18-bottle
2016-04-21 00:05:48.555,Mixed-Red-and-White,,,Mixed-Red-and-White,1,type,10,Mixed-Case-and-Beer
2016-04-21 00:05:56.048,,,Sauvignon-Blanc,Sauvignon-Blanc,8,variety,10,Mixed-Red-and-White
2016-04-21 00:06:24.458,,,Sauvignon-Blanc,Sauvignon-Blanc,28,variety,10,Sauvignon-Blanc
2016-04-21 00:06:38.667,,,Sauvignon-Blanc,Sauvignon-Blanc,14,variety,10,Sauvignon-Blanc
2016-04-21 00:07:20.996,,10-Mixed-Wines-Plus-Decanter-11-Bottles,,10-Mixed-Wines-Plus-Decanter-11-Bottles,42,wine,10,Sauvignon-Blanc
2016-04-21 00:07:21.513,,,Mixed-Red-and-White,Mixed-Red-and-White,1,variety,10,10-Mixed-Wines-Plus-Decanter-11-Bottles
2016-04-21 00:07:54.018,,,Mixed-Case-%2B-Gift,Mixed-Case-%2B-Gift,33,variety,10,Mixed-Red-and-White
2016-04-21 00:07:54.418,Mixed-Red-and-White,,,Mixed-Red-and-White,0,type,10,Mixed-Case-%2B-Gift
2016-04-21 00:08:55.416,Mixed-Red-and-White,,,Mixed-Red-and-White,61,type,10,Mixed-Red-and-White
2016-04-21 00:09:07.446,,6-Marlborough-SBs-with-Lanson-Champagne-7-Bottles,,6-Marlborough-SBs-with-Lanson-Champagne-7-Bottles,12,wine,10,Mixed-Red-and-White
2016-04-21 00:09:07.948,,,Mixed-White,Mixed-White,0,variety,10,6-Marlborough-SBs-with-Lanson-Champagne-7-Bottles
2016-04-21 00:09:30.927,,The-Complete-Summer-Whites-Sparkling-Mix-13-Bottles,,The-Complete-Summer-Whites-Sparkling-Mix-13-Bottles,23,wine,10,Mixed-White
2016-04-21 00:09:31.625,,,Mixed-Case-and-Sparkling,Mixed-Case-and-Sparkling,1,variety,10,The-Complete-Summer-Whites-Sparkling-Mix-13-Bottles
2016-04-21 00:10:29.075,,,Mixed-Case-and-Sparkling,Mixed-Case-and-Sparkling,58,variety,10,Mixed-Case-and-Sparkling
2016-04-21 00:10:41.351,,,Sauvignon-Blanc,Sauvignon-Blanc,12,variety,10,Mixed-Case-and-Sparkling
2016-04-21 00:11:37.48,,11-wines-Sparkling-Free-Beer,,11-wines-Sparkling-Free-Beer,56,wine,10,Sauvignon-Blanc
2016-04-21 00:11:37.957,,,Mixed-Case-and-Beer,Mixed-Case-and-Beer,0,variety,10,11-wines-Sparkling-Free-Beer
2016-04-21 00:11:38.402,Mixed-Red-and-White,,,Mixed-Red-and-White,1,type,10,Mixed-Case-and-Beer
2016-04-21 00:12:11.307,,Mixed-White-Party-Mix-12-Bottles,,Mixed-White-Party-Mix-12-Bottles,33,wine,10,Mixed-Red-and-White
2016-04-21 00:12:11.812,,,Mixed-White,Mixed-White,0,variety,10,Mixed-White-Party-Mix-12-Bottles
2016-04-21 00:12:38.617,,,Sauvignon-Blanc,Sauvignon-Blanc,27,variety,10,Mixed-White
2016-04-21 00:42:20.028,,Australian-Summer-Variety-Dozen-12-bottles,,Australian-Summer-Variety-Dozen-12-bottles,,wine,70,
2016-04-21 00:43:14.987,Mixed-Red-and-White,,,Mixed-Red-and-White,10,type,70,Australian-Summer-Variety-Dozen-12-bottles
2016-04-21 00:44:43.716,Mixed-Red-and-White,,,Mixed-Red-and-White,89,type,70,Mixed-Red-and-White
2016-04-21 00:45:16.428,Mixed-Red-and-White,,,Mixed-Red-and-White,33,type,70,Mixed-Red-and-White
2016-04-21 00:45:36.547,Mixed-Red-and-White,,,Mixed-Red-and-White,20,type,70,Mixed-Red-and-White
2016-04-21 00:08:19.122,Red-Wine,,,Red-Wine,12,type,51,
2016-04-21 00:08:27.814,Red-Wine,,,Red-Wine,8,type,51,Red-Wine
2016-04-21 00:09:32.042,Red-Wine,,,Red-Wine,65,type,51,Red-Wine
2016-04-21 00:10:13.117,Mixed-Red-and-White,,,Mixed-Red-and-White,41,type,51,Red-Wine
2016-04-21 00:10:40.213,Mixed-Red-and-White,,,Mixed-Red-and-White,27,type,51,Mixed-Red-and-White
2016-04-21 00:10:55.561,Mixed-Red-and-White,,,Mixed-Red-and-White,15,type,51,Mixed-Red-and-White
2016-04-21 00:12:04.753,Red-Wine,,,Red-Wine,69,type,51,Mixed-Red-and-White
2016-04-21 00:12:35.693,Red-Wine,,,Red-Wine,31,type,51,Red-Wine
2016-04-21 00:04:08.017,,,Mixed-Case-%2B-Gift,Mixed-Case-%2B-Gift,,variety,42,
2016-04-21 00:04:09.308,,Halliday-Super-Stars-6-Bottles,,Halliday-Super-Stars-6-Bottles,1,wine,42,Mixed-Case-%2B-Gift
2016-04-21 00:12:39.558,,,White-Blend,White-Blend,,variety,2,
2016-04-21 00:12:47.021,,,White-Blend,White-Blend,8,variety,2,White-Blend
2016-04-21 00:15:40.667,Sparkling-and-Champagne,,,Sparkling-and-Champagne,58,type,2,White-Blend
2016-04-21 00:21:55.458,,Reds-Whites-Imported-Bubbles-and-Scotch-12-Bottles,,Reds-Whites-Imported-Bubbles-and-Scotch-12-Bottles,8,wine,2,Sparkling-and-Champagne
2016-04-21 00:21:56.222,,,Mix-Case-and-Spirits,Mix-Case-and-Spirits,1,variety,2,Reds-Whites-Imported-Bubbles-and-Scotch-12-Bottles
2016-04-21 00:22:34.425,,,Mix-Case-and-Spirits,Mix-Case-and-Spirits,10,variety,2,Mix-Case-and-Spirits
2016-04-21 00:24:05.431,,Grandial-Blanc-de-Blancs-Doz,,Grandial-Blanc-de-Blancs-Doz,90,wine,2,Mix-Case-and-Spirits
2016-04-21 00:24:05.952,,,White-Blend,White-Blend,0,variety,2,Grandial-Blanc-de-Blancs-Doz
2016-04-21 00:24:15.606,,,White-Blend,White-Blend,9,variety,2,White-Blend
2016-04-21 00:24:32.209,,,White-Blend,White-Blend,15,variety,2,White-Blend
2016-04-21 00:25:09.01,,,White-Blend,White-Blend,36,variety,2,White-Blend
2016-04-21 00:43:29.151,Sparkling-and-Champagne,,,Sparkling-and-Champagne,4,type,2,White-Blend
2016-04-21 00:43:33.287,,veuve-dalban-brut-nv-doz,,veuve-dalban-brut-nv-doz,4,wine,2,Sparkling-and-Champagne
2016-04-21 00:43:33.782,,,Premium-Sparkling-varieties,Premium-Sparkling-varieties,0,variety,2,veuve-dalban-brut-nv-doz
2016-04-21 00:44:02.819,,Grandial-Blanc-de-Blancs-Doz,,Grandial-Blanc-de-Blancs-Doz,18,wine,2,Premium-Sparkling-varieties
2016-04-21 00:00:22.145,,,Mixed-White,Mixed-White,,variety,19,
2016-04-21 00:01:25.259,,,Mixed-White,Mixed-White,10,variety,19,Mixed-White
2016-04-21 00:01:26.615,,,Mixed-White,Mixed-White,1,variety,19,Mixed-White
2016-04-21 00:02:53.171,,White-Wine-Bargain-Box-12-Bottles,,White-Wine-Bargain-Box-12-Bottles,13,wine,19,Mixed-White
2016-04-21 00:02:53.668,,,Mixed-White,Mixed-White,0,variety,19,White-Wine-Bargain-Box-12-Bottles
2016-04-21 00:03:26.006,,,Mixed-White,Mixed-White,33,variety,19,Mixed-White
2016-04-21 00:03:52.707,,,Mixed-White,Mixed-White,26,variety,19,Mixed-White
2016-04-21 00:03:55.872,,,Mixed-White,Mixed-White,3,variety,19,Mixed-White
2016-04-21 00:04:03.023,,,Mixed-White,Mixed-White,8,variety,19,Mixed-White
2016-04-21 00:04:36.761,,,Mixed-White,Mixed-White,33,variety,19,Mixed-White
2016-04-21 00:04:37.625,,,Mixed-White,Mixed-White,1,variety,19,Mixed-White
2016-04-21 00:30:43.802,Mixed-Red-and-White,,,Mixed-Red-and-White,,type,83,
2016-04-21 00:30:45.446,,,Shiraz,Shiraz,2,variety,83,Mixed-Red-and-White
2016-04-21 00:30:49.042,Mixed-Red-and-White,,,Mixed-Red-and-White,4,type,83,Shiraz
2016-04-21 00:30:52.264,,,Shiraz,Shiraz,3,variety,83,Mixed-Red-and-White
2016-04-21 00:34:42.929,Red-Wine,,,Red-Wine,,type,39,
2016-04-21 00:34:56.425,,Ashton-Gate-SA-Shiraz-Cabernet-2014-12-Bottles,,Ashton-Gate-SA-Shiraz-Cabernet-2014-12-Bottles,6,wine,39,Red-Wine
2016-04-21 00:34:56.701,,,Cabernet-Shiraz,Cabernet-Shiraz,0,variety,39,Ashton-Gate-SA-Shiraz-Cabernet-2014-12-Bottles
2016-04-21 00:35:03.836,Red-Wine,,,Red-Wine,7,type,39,Cabernet-Shiraz
2016-04-21 00:00:15.017,,Mystery-Mixed-Selection-12-Bottles,,Mystery-Mixed-Selection-12-Bottles,,wine,27,
2016-04-21 00:00:15.414,,,Mixed-Red-and-White,Mixed-Red-and-White,0,variety,27,Mystery-Mixed-Selection-12-Bottles
2016-04-21 00:01:13.272,,,Mixed-Red-and-White,Mixed-Red-and-White,58,variety,27,Mixed-Red-and-White
2016-04-21 00:01:35.854,,,Mixed-Red-and-White,Mixed-Red-and-White,22,variety,27,Mixed-Red-and-White
2016-04-21 00:02:38.41,,,Mixed-Red,Mixed-Red,63,variety,27,Mixed-Red-and-White
2016-04-21 00:03:35.22,Mixed-Red-and-White,,,Mixed-Red-and-White,1,type,27,Mixed-Red
2016-04-21 00:03:44.308,Mixed-Red-and-White,,,Mixed-Red-and-White,9,type,27,Mixed-Red-and-White
2016-04-21 00:03:53.207,,5-Star-Halliday-Winery-Mega-Bundle-14-Bottles,,5-Star-Halliday-Winery-Mega-Bundle-14-Bottles,9,wine,27,Mixed-Red-and-White
2016-04-21 00:03:53.54,,,Mixed-Red,Mixed-Red,0,variety,27,5-Star-Halliday-Winery-Mega-Bundle-14-Bottles
2016-04-21 00:04:08.065,Red-Wine,,,Red-Wine,1,type,27,Mixed-Red
2016-04-21 00:04:28.202,Red-Wine,,,Red-Wine,1,type,27,Red-Wine
2016-04-21 00:06:34.383,,Reds-Whites-Imported-Bubbles-and-Scotch-12-Bottles,,Reds-Whites-Imported-Bubbles-and-Scotch-12-Bottles,10,wine,18,
2016-04-21 00:06:34.722,,,Mix-Case-and-Spirits,Mix-Case-and-Spirits,0,variety,18,Reds-Whites-Imported-Bubbles-and-Scotch-12-Bottles
2016-04-21 00:06:35.747,,,Shiraz,Shiraz,1,variety,18,Mix-Case-and-Spirits
2016-04-21 00:07:03.039,,,Sauvignon-Blanc-Semillon,Sauvignon-Blanc-Semillon,11,variety,18,Shiraz
2016-04-21 00:07:03.737,,,Sauvignon-Blanc-Semillon,Sauvignon-Blanc-Semillon,0,variety,18,Sauvignon-Blanc-Semillon
2016-04-21 00:07:04.035,,,Sauvignon-Blanc-Semillon,Sauvignon-Blanc-Semillon,1,variety,18,Sauvignon-Blanc-Semillon
2016-04-21 00:07:49.298,,Brands-Laira-Coonawarra-Chardonnay-2013-6-Bottles,,Brands-Laira-Coonawarra-Chardonnay-2013-6-Bottles,10,wine,18,Sauvignon-Blanc-Semillon
2016-04-21 00:07:50.614,,,Chardonnay,Chardonnay,1,variety,18,Brands-Laira-Coonawarra-Chardonnay-2013-6-Bottles
2016-04-21 00:07:50.984,,,Chardonnay,Chardonnay,0,variety,18,Chardonnay
2016-04-21 00:07:51.196,,,Chardonnay,Chardonnay,1,variety,18,Chardonnay
2016-04-21 00:07:51.468,,,Chardonnay,Chardonnay,0,variety,18,Chardonnay
2016-04-21 00:10:22.41,,Biscay-Road-McLarenVale-Shiraz-2014-12-Bottles,,Biscay-Road-McLarenVale-Shiraz-2014-12-Bottles,13,wine,18,Chardonnay
2016-04-21 00:10:22.94,,,Shiraz,Shiraz,0,variety,18,Biscay-Road-McLarenVale-Shiraz-2014-12-Bottles
2016-04-21 00:10:23.118,,,Shiraz,Shiraz,1,variety,18,Shiraz
2016-04-21 00:10:23.771,,,Shiraz,Shiraz,0,variety,18,Shiraz
2016-04-21 00:10:24.106,,,Shiraz,Shiraz,1,variety,18,Shiraz
2016-04-21 00:03:06.266,Red-Wine,,,Red-Wine,,type,91,
2016-04-21 00:03:29.539,Red-Wine,,,Red-Wine,23,type,91,Red-Wine
2016-04-21 00:04:03.119,Red-Wine,,,Red-Wine,34,type,91,Red-Wine
2016-04-21 00:04:08.596,,Byron-Harold-Tandem-WA-Cabernet-Merlot-2013-12-Bottles,,Byron-Harold-Tandem-WA-Cabernet-Merlot-2013-12-Bottles,5,wine,91,Red-Wine
2016-04-21 00:04:08.948,,,Cabernet-Merlot,Cabernet-Merlot,0,variety,91,Byron-Harold-Tandem-WA-Cabernet-Merlot-2013-12-Bottles
2016-04-21 00:08:19.157,,14-For-79-Shiraz-and-Mates-Mix-14-Bottles,,14-For-79-Shiraz-and-Mates-Mix-14-Bottles,15,wine,40,
2016-04-21 00:43:31.53,Mixed-Red-and-White,,,Mixed-Red-and-White,40,type,16,
2016-04-21 00:44:01.801,,5-Star-Halliday-Winery-Mega-Bundle-14-Bottles,,5-Star-Halliday-Winery-Mega-Bundle-14-Bottles,30,wine,16,Mixed-Red-and-White
2016-04-21 00:44:02.274,,,Mixed-Red,Mixed-Red,1,variety,16,5-Star-Halliday-Winery-Mega-Bundle-14-Bottles
2016-04-21 00:44:50.844,Mixed-Red-and-White,,Pinot-Noir,Mixed-Red-and-WhitePinot-Noir,48,type,16,Mixed-Red
2016-04-21 00:44:57.506,,Pure-Pinot-Noirs-12-Bottles,,Pure-Pinot-Noirs-12-Bottles,7,wine,16,Mixed-Red-and-WhitePinot-Noir
2016-04-21 00:44:57.982,,,Pinot-Noir,Pinot-Noir,0,variety,16,Pure-Pinot-Noirs-12-Bottles
2016-04-21 00:45:37.546,White-Wine,,Pinot-Gris,White-WinePinot-Gris,40,type,16,Pinot-Noir
2016-04-21 00:45:53.53,White-Wine,,Pinot-Gris-SLASH-Pinot-Grigio,White-WinePinot-Gris-SLASH-Pinot-Grigio,16,type,16,White-WinePinot-Gris
2016-04-21 00:46:27.932,White-Wine,,Pinot-Grigio,White-WinePinot-Grigio,34,type,16,White-WinePinot-Gris-SLASH-Pinot-Grigio
2016-04-21 00:47:03.536,White-Wine,,Riesling,White-WineRiesling,36,type,16,White-WinePinot-Grigio
2016-04-21 00:47:50.431,White-Wine,,Riesling,White-WineRiesling,47,type,16,White-WineRiesling
2016-04-21 00:48:57.9,,Byron-Harold-Wheelabout-Spencer-Road-Riesling-2014-12-Bottles,,Byron-Harold-Wheelabout-Spencer-Road-Riesling-2014-12-Bottles,67,wine,16,White-WineRiesling
2016-04-21 00:48:58.36,,,Riesling,Riesling,1,variety,16,Byron-Harold-Wheelabout-Spencer-Road-Riesling-2014-12-Bottles
2016-04-21 00:50:22.1,White-Wine,,Chardonnay,White-WineChardonnay,84,type,16,Riesling
2016-04-21 00:50:39.388,White-Wine,,Chardonnay,White-WineChardonnay,17,type,16,White-WineChardonnay
2016-04-21 00:50:56.343,,Chelwood-Tasmanian-Chardonnay-2013-Dozen_2,,Chelwood-Tasmanian-Chardonnay-2013-Dozen_2,17,wine,16,White-WineChardonnay
2016-04-21 00:50:56.804,,,Chardonnay,Chardonnay,0,variety,16,Chelwood-Tasmanian-Chardonnay-2013-Dozen_2
2016-04-21 00:51:47.276,,The-Mixed-Wine-Spirit-Dozen-for-Him-12-bottles,,The-Mixed-Wine-Spirit-Dozen-for-Him-12-bottles,51,wine,16,Chardonnay
2016-04-21 00:51:47.734,,,Mixed-case-%2B-spirits,Mixed-case-%2B-spirits,0,variety,16,The-Mixed-Wine-Spirit-Dozen-for-Him-12-bottles
2016-04-21 00:52:51.114,,Regional-Cabernet-Mix-12-Bottles,,Regional-Cabernet-Mix-12-Bottles,64,wine,16,Mixed-case-%2B-spirits
2016-04-21 00:52:51.577,,,Cabernet-Sauvignon,Cabernet-Sauvignon,0,variety,16,Regional-Cabernet-Mix-12-Bottles
2016-04-21 00:51:26.195,,Secret-Adelaide-Hills-Chardonnay-2013-6,,Secret-Adelaide-Hills-Chardonnay-2013-6,10,wine,4,
2016-04-21 00:51:28.295,,,Chardonnay,Chardonnay,2,variety,4,Secret-Adelaide-Hills-Chardonnay-2013-6
2016-04-21 00:51:44.985,,Mystery-94-point-Watervale-Riesling-2013-12-Bottles,,Mystery-94-point-Watervale-Riesling-2013-12-Bottles,7,wine,4,Chardonnay
2016-04-21 00:51:45.475,,,Riesling,Riesling,1,variety,4,Mystery-94-point-Watervale-Riesling-2013-12-Bottles
2016-04-21 00:51:46.461,,Mystery-93-Point-Adelaide-Hills-Riesling-2013-12-Bottles,,Mystery-93-Point-Adelaide-Hills-Riesling-2013-12-Bottles,1,wine,4,Riesling
2016-04-21 00:51:48.128,,,Riesling,Riesling,2,variety,4,Mystery-93-Point-Adelaide-Hills-Riesling-2013-12-Bottles
2016-04-21 00:52:06.92,,Secret-91-Point-Blackwood-Valley-Shiraz-2013-12-Bottles,,Secret-91-Point-Blackwood-Valley-Shiraz-2013-12-Bottles,7,wine,4,Riesling
2016-04-21 00:52:07.294,,Secret-94-Point-Barossa-Valley-Shiraz-2011-6-Bottles,,Secret-94-Point-Barossa-Valley-Shiraz-2011-6-Bottles,1,wine,4,Secret-91-Point-Blackwood-Valley-Shiraz-2013-12-Bottles
2016-04-21 00:52:07.562,,,Shiraz,Shiraz,0,variety,4,Secret-94-Point-Barossa-Valley-Shiraz-2011-6-Bottles
2016-04-21 00:52:07.832,,,Shiraz,Shiraz,0,variety,4,Shiraz
2016-04-21 00:52:25.736,,Secret-95-Pt-McLaren-Vale-GSM-2013-12-Bottles,,Secret-95-Pt-McLaren-Vale-GSM-2013-12-Bottles,7,wine,4,Shiraz
2016-04-21 00:52:27.29,,,Grenache-Shiraz-Mourvedre,Grenache-Shiraz-Mourvedre,2,variety,4,Secret-95-Pt-McLaren-Vale-GSM-2013-12-Bottles
2016-04-21 00:52:27.861,,Secret-94-Point-McLaren-Vale-Grenache-Shiraz-2013-6-Bottles,,Secret-94-Point-McLaren-Vale-Grenache-Shiraz-2013-6-Bottles,0,wine,4,Grenache-Shiraz-Mourvedre
2016-04-21 00:52:28.426,,,Grenache-Shiraz,Grenache-Shiraz,1,variety,4,Secret-94-Point-McLaren-Vale-Grenache-Shiraz-2013-6-Bottles
2016-04-21 00:52:46.966,,Secret-93-Point-Barossa-Valley-Shiraz-2013-12-Bottles,,Secret-93-Point-Barossa-Valley-Shiraz-2013-12-Bottles,8,wine,4,Grenache-Shiraz
2016-04-21 00:52:47.777,,Secret-93-Point-Barossa-Valley-GSM-2013-12-Bottles,,Secret-93-Point-Barossa-Valley-GSM-2013-12-Bottles,1,wine,4,Secret-93-Point-Barossa-Valley-Shiraz-2013-12-Bottles
2016-04-21 00:52:48.136,,,Grenache-Shiraz-Mataro,Grenache-Shiraz-Mataro,1,variety,4,Secret-93-Point-Barossa-Valley-GSM-2013-12-Bottles
2016-04-21 00:52:49.111,,,Shiraz-Mataro,Shiraz-Mataro,1,variety,4,Grenache-Shiraz-Mataro
2016-04-21 00:36:20.009,,Mystery-McLaren-Vale-GSM-2013-12-Bottles,,Mystery-McLaren-Vale-GSM-2013-12-Bottles,12,wine,92,
2016-04-21 00:36:20.65,,,Grenache-Shiraz-Mataro,Grenache-Shiraz-Mataro,0,variety,92,Mystery-McLaren-Vale-GSM-2013-12-Bottles
2016-04-21 00:25:57.713,White-Wine,,,White-Wine,,type,14,
2016-04-21 00:26:51.065,White-Wine,,,White-Wine,54,type,14,White-Wine
2016-04-21 00:27:13.992,White-Wine,,,White-Wine,22,type,14,White-Wine
2016-04-21 00:27:23.561,White-Wine,,,White-Wine,10,type,14,White-Wine
2016-04-21 00:27:37.776,White-Wine,,,White-Wine,14,type,14,White-Wine
2016-04-21 00:27:47.606,White-Wine,,,White-Wine,10,type,14,White-Wine
2016-04-21 00:31:04.226,White-Wine,,,White-Wine,39,type,14,White-Wine
2016-04-21 00:31:13.72,White-Wine,,,White-Wine,9,type,14,White-Wine
2016-04-21 00:31:22.1,White-Wine,,,White-Wine,9,type,14,White-Wine
2016-04-21 00:31:43.229,White-Wine,,,White-Wine,21,type,14,White-Wine
2016-04-21 00:33:25.448,White-Wine,,,White-Wine,102,type,14,White-Wine
2016-04-21 00:33:33.326,,Byron-Harold-Wheelabout-Spencer-Road-Riesling-2014-12-Bottles,,Byron-Harold-Wheelabout-Spencer-Road-Riesling-2014-12-Bottles,8,wine,14,White-Wine
2016-04-21 00:33:40.676,White-Wine,,,White-Wine,7,type,14,Byron-Harold-Wheelabout-Spencer-Road-Riesling-2014-12-Bottles
2016-04-21 00:34:08.36,White-Wine,,,White-Wine,28,type,14,White-Wine
2016-04-21 00:34:17.99,White-Wine,,,White-Wine,9,type,14,White-Wine
2016-04-21 00:35:18.562,White-Wine,,,White-Wine,61,type,14,White-Wine
2016-04-21 00:00:40.322,Mixed-Red-and-White,,,Mixed-Red-and-White,9,type,78,
2016-04-21 00:00:51.179,Mixed-Red-and-White,,Pinot-Noir,Mixed-Red-and-WhitePinot-Noir,11,type,78,Mixed-Red-and-White
2016-04-21 00:00:31.008,White-Wine,,,White-Wine,1,type,93,
2016-04-21 00:00:47.841,,,Mixed-White,Mixed-White,16,variety,93,White-Wine
2016-04-21 00:00:56.526,White-Wine,,,White-Wine,9,type,93,Mixed-White
2016-04-21 00:00:33.293,Red-Wine,,,Red-Wine,,type,94,
2016-04-21 00:00:47.847,Red-Wine,,Shiraz,Red-WineShiraz,14,type,94,Red-Wine
2016-04-21 00:00:57.633,Red-Wine,,Shiraz,Red-WineShiraz,10,type,94,Red-WineShiraz
2016-04-21 00:01:19.036,Red-Wine,,,Red-Wine,22,type,94,Red-WineShiraz
2016-04-21 00:02:18.199,Red-Wine,,Shiraz,Red-WineShiraz,59,type,94,Red-Wine
2016-04-21 00:36:03.655,,,Chardonnay,Chardonnay,11,variety,95,
2016-04-21 00:36:22.616,,,Chardonnay,Chardonnay,19,variety,95,Chardonnay
2016-04-21 00:36:47.116,,,Chardonnay,Chardonnay,25,variety,95,Chardonnay
2016-04-21 00:49:47.547,Red-Wine,,,Red-Wine,,type,120,
2016-04-21 00:50:04.365,Red-Wine,,,Red-Wine,17,type,120,Red-Wine
2016-04-21 00:50:52.015,Red-Wine,,,Red-Wine,48,type,120,Red-Wine
2016-04-21 00:29:51.8,,,Shiraz,Shiraz,,variety,108,
2016-04-21 00:36:41.347,,Barking-Owl-WA-Cabernet-Sauvignon-2014-12-Bottles,,Barking-Owl-WA-Cabernet-Sauvignon-2014-12-Bottles,1,wine,108,Shiraz
2016-04-21 00:36:46.459,,,Cabernet-Sauvignon,Cabernet-Sauvignon,5,variety,108,Barking-Owl-WA-Cabernet-Sauvignon-2014-12-Bottles
2016-04-21 00:15:39.6,Mixed-Red-and-White,,,Mixed-Red-and-White,12,type,17,
2016-04-21 00:16:23.877,Mixed-Red-and-White,,,Mixed-Red-and-White,44,type,17,Mixed-Red-and-White
2016-04-21 00:17:03.628,Mixed-Red-and-White,,,Mixed-Red-and-White,40,type,17,Mixed-Red-and-White
2016-04-21 00:19:36.898,Mixed-Red-and-White,,,Mixed-Red-and-White,153,type,17,Mixed-Red-and-White
2016-04-21 00:19:52.83,Red-Wine,,,Red-Wine,16,type,17,Mixed-Red-and-White
2016-04-21 00:19:58.606,Red-Wine,,,Red-Wine,6,type,17,Red-Wine
2016-04-21 00:20:29.121,Red-Wine,,,Red-Wine,31,type,17,Red-Wine
2016-04-21 00:21:00.452,Red-Wine,,,Red-Wine,31,type,17,Red-Wine
2016-04-21 00:21:22.679,Red-Wine,,,Red-Wine,22,type,17,Red-Wine
2016-04-21 00:21:36.44,Red-Wine,,,Red-Wine,14,type,17,Red-Wine
2016-04-21 00:21:58.413,Red-Wine,,,Red-Wine,22,type,17,Red-Wine
2016-04-21 00:22:11.957,Red-Wine,,,Red-Wine,13,type,17,Red-Wine
2016-04-21 00:22:30.227,Red-Wine,,,Red-Wine,19,type,17,Red-Wine
2016-04-21 00:22:47.822,Red-Wine,,,Red-Wine,17,type,17,Red-Wine
2016-04-21 00:23:16.635,Red-Wine,,,Red-Wine,29,type,17,Red-Wine
2016-04-21 00:23:29.609,Red-Wine,,,Red-Wine,13,type,17,Red-Wine
2016-04-21 00:23:42.145,Red-Wine,,,Red-Wine,13,type,17,Red-Wine
2016-04-21 00:24:22.396,Red-Wine,,,Red-Wine,40,type,17,Red-Wine
2016-04-21 00:24:29.943,Red-Wine,,,Red-Wine,7,type,17,Red-Wine
2016-04-21 00:07:38.242,,Pepperjack-Barossa-Shiraz-2014-6-bottles,,Pepperjack-Barossa-Shiraz-2014-6-bottles,5,wine,36,
2016-04-21 00:07:38.685,,,Shiraz,Shiraz,0,variety,36,Pepperjack-Barossa-Shiraz-2014-6-bottles
2016-04-21 00:08:41.181,Red-Wine,,,Red-Wine,25,type,36,Shiraz
2016-04-21 00:08:50.126,Red-Wine,,,Red-Wine,9,type,36,Red-Wine
2016-04-21 00:06:54.688,Mixed-Red-and-White,,,Mixed-Red-and-White,143,type,96,
2016-04-21 00:07:40.337,Mixed-Red-and-White,,,Mixed-Red-and-White,46,type,96,Mixed-Red-and-White
2016-04-21 00:08:51.122,Sparkling-and-Champagne,,,Sparkling-and-Champagne,71,type,96,Mixed-Red-and-White
2016-04-21 00:09:44.566,Sparkling-and-Champagne,,,Sparkling-and-Champagne,53,type,96,Sparkling-and-Champagne
2016-04-21 00:53:09.524,,Zontes-Footstep-Scarlet-Ladybird-Rose-2014-12-Bottles,,Zontes-Footstep-Scarlet-Ladybird-Rose-2014-12-Bottles,4,wine,97,
2016-04-21 00:53:09.89,,,Rose,Rose,0,variety,97,Zontes-Footstep-Scarlet-Ladybird-Rose-2014-12-Bottles
2016-04-21 00:22:07.147,,Mixed-Red-Party-Case-12-Bottles,,Mixed-Red-Party-Case-12-Bottles,,wine,3,
2016-04-21 00:22:07.445,,,Mixed-Red,Mixed-Red,0,variety,3,Mixed-Red-Party-Case-12-Bottles
2016-04-21 00:24:44.816,,5-Star-Halliday-Winery-Mega-Bundle-14-Bottles,,5-Star-Halliday-Winery-Mega-Bundle-14-Bottles,8,wine,3,Mixed-Red
2016-04-21 00:24:45.176,,,Mixed-Red,Mixed-Red,1,variety,3,5-Star-Halliday-Winery-Mega-Bundle-14-Bottles
2016-04-21 00:27:37.623,,14-For-79-Shiraz-and-Mates-Mix-14-Bottles,,14-For-79-Shiraz-and-Mates-Mix-14-Bottles,23,wine,3,Mixed-Red
2016-04-21 00:27:37.946,,,Mixed-Red,Mixed-Red,0,variety,3,14-For-79-Shiraz-and-Mates-Mix-14-Bottles
2016-04-21 00:28:10.069,,Big-House-Red-Mixed-Case-14-Bottles,,Big-House-Red-Mixed-Case-14-Bottles,8,wine,3,Mixed-Red
2016-04-21 00:28:10.405,,,Mixed-Red,Mixed-Red,0,variety,3,Big-House-Red-Mixed-Case-14-Bottles
2016-04-21 00:28:47.818,,Mixed-Red-Party-Case-12-Bottles,,Mixed-Red-Party-Case-12-Bottles,9,wine,3,Mixed-Red
2016-04-21 00:28:48.087,,,Mixed-Red,Mixed-Red,1,variety,3,Mixed-Red-Party-Case-12-Bottles
2016-04-21 00:29:24.789,Mixed-Red-and-White,,,Mixed-Red-and-White,8,type,3,Mixed-Red
2016-04-21 00:29:48.114,Mixed-Red-and-White,,Mixed-Red,Mixed-Red-and-WhiteMixed-Red,24,type,3,Mixed-Red-and-White
2016-04-21 00:30:17.534,,,Mixed-Red,Mixed-Red,29,variety,3,Mixed-Red-and-WhiteMixed-Red
2016-04-21 00:30:55.293,,,Mixed-Red,Mixed-Red,38,variety,3,Mixed-Red
2016-04-21 00:36:03.416,,,Mixed-Red,Mixed-Red,10,variety,3,Mixed-Red
2016-04-21 00:03:50.762,White-Wine,,,White-Wine,5,type,71,
2016-04-21 00:03:54.314,White-Wine,,,White-Wine,4,type,71,White-Wine
2016-04-21 00:04:05.877,White-Wine,,,White-Wine,11,type,71,White-Wine
2016-04-21 00:04:53.224,Red-Wine,,,Red-Wine,48,type,71,White-Wine
2016-04-21 00:05:17.566,Sparkling-and-Champagne,,,Sparkling-and-Champagne,24,type,71,Red-Wine
2016-04-21 00:05:44.25,Sparkling-and-Champagne,,,Sparkling-and-Champagne,27,type,71,Sparkling-and-Champagne
2016-04-21 00:06:02.454,Sparkling-and-Champagne,,,Sparkling-and-Champagne,18,type,71,Sparkling-and-Champagne
2016-04-21 00:01:48.284,,,Pinot-Gris-SLASH-Pinot-Grigio,Pinot-Gris-SLASH-Pinot-Grigio,,variety,20,
2016-04-21 00:02:09.544,Red-Wine,,Pinot-Noir,Red-WinePinot-Noir,21,type,20,Pinot-Gris-SLASH-Pinot-Grigio
2016-04-21 00:02:46.632,Red-Wine,,,Red-Wine,37,type,20,Red-WinePinot-Noir
2016-04-21 00:03:59.946,,Infinitum-Primitivo-2013-6-Bottles,,Infinitum-Primitivo-2013-6-Bottles,73,wine,20,Red-Wine
2016-04-21 00:04:21.51,,CaBoscari-Negroamaro-Salento-IGT-2014-6-Bottles,,CaBoscari-Negroamaro-Salento-IGT-2014-6-Bottles,21,wine,20,Infinitum-Primitivo-2013-6-Bottles
2016-04-21 00:04:21.902,,,Negroamaro,Negroamaro,0,variety,20,CaBoscari-Negroamaro-Salento-IGT-2014-6-Bottles
2016-04-21 00:05:12.1,White-Wine,,,White-Wine,14,type,20,Negroamaro
2016-04-21 00:08:29.482,Red-Wine,,,Red-Wine,197,type,20,White-Wine
2016-04-21 00:08:47.526,Red-Wine,,,Red-Wine,18,type,20,Red-Wine
2016-04-21 00:10:14.864,Sparkling-and-Champagne,,,Sparkling-and-Champagne,62,type,20,Red-Wine
2016-04-21 00:10:32.079,Sparkling-and-Champagne,,,Sparkling-and-Champagne,18,type,20,Sparkling-and-Champagne
2016-04-21 00:49:20.108,,Bloombury-Tale-Semillon-Sauvignon-Blanc-2015-12-Bottles,,Bloombury-Tale-Semillon-Sauvignon-Blanc-2015-12-Bottles,,wine,43,
2016-04-21 00:49:20.614,,,Semillon-Sauvignon-Blanc,Semillon-Sauvignon-Blanc,0,variety,43,Bloombury-Tale-Semillon-Sauvignon-Blanc-2015-12-Bottles
2016-04-21 00:49:39.821,,Crackerjack-Sauvignon-Blanc-2015-12-Bottles,,Crackerjack-Sauvignon-Blanc-2015-12-Bottles,19,wine,43,Semillon-Sauvignon-Blanc
2016-04-21 00:49:40.367,,,Sauvignon-Blanc,Sauvignon-Blanc,1,variety,43,Crackerjack-Sauvignon-Blanc-2015-12-Bottles
2016-04-21 00:50:46.124,,,Sauvignon-Blanc-Semillon,Sauvignon-Blanc-Semillon,66,variety,43,Sauvignon-Blanc
2016-04-21 00:51:00.276,,Pretty-Pure-Eden-Valley-Sauvignon-Blanc-2014-12-Bottles,,Pretty-Pure-Eden-Valley-Sauvignon-Blanc-2014-12-Bottles,14,wine,43,Sauvignon-Blanc-Semillon
2016-04-21 00:51:00.753,,,Sauvignon-Blanc,Sauvignon-Blanc,0,variety,43,Pretty-Pure-Eden-Valley-Sauvignon-Blanc-2014-12-Bottles
2016-04-21 00:51:20.448,White-Wine,,,White-Wine,20,type,43,Sauvignon-Blanc
2016-04-21 00:51:37.654,,Tiny-Vineyard-Margaret-River-Semillon-Sauvignon-Blanc-2014-12-Bottles,,Tiny-Vineyard-Margaret-River-Semillon-Sauvignon-Blanc-2014-12-Bottles,17,wine,43,White-Wine
2016-04-21 00:51:38.103,,,Semillon-Sauvignon-Blanc,Semillon-Sauvignon-Blanc,1,variety,43,Tiny-Vineyard-Margaret-River-Semillon-Sauvignon-Blanc-2014-12-Bottles
2016-04-21 00:52:29.053,Mixed-Red-and-White,,,Mixed-Red-and-White,51,type,43,Semillon-Sauvignon-Blanc
2016-04-21 00:53:14.047,Sparkling-and-Champagne,,,Sparkling-and-Champagne,45,type,43,Mixed-Red-and-White
2016-04-21 00:33:45.206,White-Wine,,,White-Wine,,type,44,
2016-04-21 00:34:19.015,White-Wine,,,White-Wine,34,type,44,White-Wine
2016-04-21 00:34:33.082,,Worlds-End-Margaret-River-Sauvignon-Blanc-2015-12-Bottles,,Worlds-End-Margaret-River-Sauvignon-Blanc-2015-12-Bottles,14,wine,44,White-Wine
2016-04-21 00:34:33.52,,,Sauvignon-Blanc,Sauvignon-Blanc,0,variety,44,Worlds-End-Margaret-River-Sauvignon-Blanc-2015-12-Bottles
2016-04-21 00:34:40.183,White-Wine,,,White-Wine,1,type,44,Sauvignon-Blanc
2016-04-21 00:34:47.332,White-Wine,,Pinot-Gris,White-WinePinot-Gris,7,type,44,White-Wine
2016-04-21 00:34:50.599,White-Wine,,Pinot-Grigio,White-WinePinot-Grigio,3,type,44,White-WinePinot-Gris
2016-04-21 00:40:41.997,,,Pinot-Grigio,Pinot-Grigio,13,variety,44,White-WinePinot-Grigio
2016-04-21 00:38:17.198,Red-Wine,,Cabernet-Shiraz,Red-WineCabernet-Shiraz,,type,66,
2016-04-21 00:38:56.12,Red-Wine,,Shiraz-Cabernet-Sauvignon,Red-WineShiraz-Cabernet-Sauvignon,39,type,66,Red-WineCabernet-Shiraz
2016-04-21 00:39:22.427,Red-Wine,,Shiraz,Red-WineShiraz,26,type,66,Red-WineShiraz-Cabernet-Sauvignon
2016-04-21 00:40:12.745,Red-Wine,,Shiraz,Red-WineShiraz,50,type,66,Red-WineShiraz
2016-04-21 00:40:43.526,Red-Wine,,Shiraz,Red-WineShiraz,31,type,66,Red-WineShiraz
2016-04-21 00:45:07.528,Red-Wine,,,Red-Wine,14,type,98,
2016-04-21 00:46:00.232,,Malindi-Vintners-Stranded-Dune-Shiraz-2013-12-Bottles,,Malindi-Vintners-Stranded-Dune-Shiraz-2013-12-Bottles,53,wine,98,Red-Wine
2016-04-21 00:46:00.632,,,Shiraz,Shiraz,0,variety,98,Malindi-Vintners-Stranded-Dune-Shiraz-2013-12-Bottles
2016-04-21 00:01:00.87,,,Mixed-Case-%2B-Gift,Mixed-Case-%2B-Gift,,variety,79,
2016-04-21 00:03:39.897,Red-Wine,,,Red-Wine,,type,72,
2016-04-21 00:04:01.017,Red-Wine,,,Red-Wine,22,type,72,Red-Wine
2016-04-21 00:04:53.274,Red-Wine,,,Red-Wine,52,type,72,Red-Wine
2016-04-21 00:05:47.945,Red-Wine,,,Red-Wine,54,type,72,Red-Wine
2016-04-21 00:06:53.044,Red-Wine,,,Red-Wine,66,type,72,Red-Wine
2016-04-21 00:07:55.695,Red-Wine,,,Red-Wine,62,type,72,Red-Wine
2016-04-21 00:09:33.217,Red-Wine,,,Red-Wine,98,type,72,Red-Wine
2016-04-21 00:10:37.835,Red-Wine,,,Red-Wine,64,type,72,Red-Wine
2016-04-21 00:11:01.765,White-Wine,,,White-Wine,59,type,15,
2016-04-21 00:11:20.739,Sparkling-and-Champagne,,,Sparkling-and-Champagne,19,type,15,White-Wine
2016-04-21 00:13:00.399,Mixed-Red-and-White,,,Mixed-Red-and-White,16,type,15,Sparkling-and-Champagne
2016-04-21 00:16:01.881,,Big-House-Red-Mixed-Case-14-Bottles,,Big-House-Red-Mixed-Case-14-Bottles,181,wine,15,Mixed-Red-and-White
2016-04-21 00:16:02.356,,,Mixed-Red,Mixed-Red,1,variety,15,Big-House-Red-Mixed-Case-14-Bottles
2016-04-21 00:19:44.825,,Entertaining-Collection-15-Bottles,,Entertaining-Collection-15-Bottles,222,wine,15,Mixed-Red
2016-04-21 00:19:45.456,,,Mixed-Red-and-White,Mixed-Red-and-White,1,variety,15,Entertaining-Collection-15-Bottles
2016-04-21 00:21:02.607,,,Mixed-case-%2B-spirits,Mixed-case-%2B-spirits,77,variety,15,Mixed-Red-and-White
2016-04-21 00:24:05.364,Mixed-Red-and-White,,,Mixed-Red-and-White,183,type,15,Mixed-case-%2B-spirits
2016-04-21 00:25:05.967,Mixed-Red-and-White,,,Mixed-Red-and-White,60,type,15,Mixed-Red-and-White
2016-04-21 00:28:03.801,White-Wine,,,White-Wine,178,type,15,Mixed-Red-and-White
2016-04-21 00:33:59.761,White-Wine,,,White-Wine,356,type,15,White-Wine
2016-04-21 00:35:02.769,White-Wine,,,White-Wine,63,type,15,White-Wine
2016-04-21 00:35:57.069,White-Wine,,,White-Wine,55,type,15,White-Wine
2016-04-21 00:38:43.813,,Summer-Entertainers-Mix-12,,Summer-Entertainers-Mix-12,166,wine,15,White-Wine
2016-04-21 00:38:44.202,,,Mixed-Case-and-Beer,Mixed-Case-and-Beer,1,variety,15,Summer-Entertainers-Mix-12
2016-04-21 00:38:21.626,Mixed-Red-and-White,,,Mixed-Red-and-White,,type,110,
2016-04-21 00:39:51.381,Mixed-Red-and-White,,,Mixed-Red-and-White,90,type,110,Mixed-Red-and-White
2016-04-21 00:40:04.994,Mixed-Red-and-White,,,Mixed-Red-and-White,13,type,110,Mixed-Red-and-White
2016-04-21 00:40:19.161,Mixed-Red-and-White,,,Mixed-Red-and-White,15,type,110,Mixed-Red-and-White
2016-04-21 00:07:30.841,Red-Wine,,,Red-Wine,,type,99,
2016-04-21 00:08:00.877,Red-Wine,,,Red-Wine,30,type,99,Red-Wine
2016-04-21 00:08:20.674,Red-Wine,,,Red-Wine,20,type,99,Red-Wine
2016-04-21 00:09:00.538,,You-Me-And-The-Gatepost-Shiraz-2013-12-Bottles,,You-Me-And-The-Gatepost-Shiraz-2013-12-Bottles,40,wine,99,Red-Wine
2016-04-21 00:09:00.913,,,Shiraz,Shiraz,0,variety,99,You-Me-And-The-Gatepost-Shiraz-2013-12-Bottles
2016-04-21 00:45:40.3,,Mixed-Red-Party-Case-12-Bottles,,Mixed-Red-Party-Case-12-Bottles,92,wine,58,
2016-04-21 00:45:40.877,,,Mixed-Red,Mixed-Red,0,variety,58,Mixed-Red-Party-Case-12-Bottles
2016-04-21 00:47:48.208,,,Mixed-Red,Mixed-Red,13,variety,58,Mixed-Red
2016-04-21 00:45:46.633,,Bloombury-Tale-Semillon-Sauvignon-Blanc-2015-12-Bottles,,Bloombury-Tale-Semillon-Sauvignon-Blanc-2015-12-Bottles,,wine,67,
2016-04-21 00:45:47.098,,,Semillon-Sauvignon-Blanc,Semillon-Sauvignon-Blanc,1,variety,67,Bloombury-Tale-Semillon-Sauvignon-Blanc-2015-12-Bottles
2016-04-21 00:47:22.567,White-Wine,,,White-Wine,95,type,67,Semillon-Sauvignon-Blanc
2016-04-21 00:48:12.51,,Sauv-Blanc-and-White-Blends-Value-Mix-14-Bottles,,Sauv-Blanc-and-White-Blends-Value-Mix-14-Bottles,50,wine,67,White-Wine
2016-04-21 00:48:12.968,,,Mixed-White,Mixed-White,0,variety,67,Sauv-Blanc-and-White-Blends-Value-Mix-14-Bottles
2016-04-21 00:50:29.778,,,Mixed-Red,Mixed-Red,137,variety,67,Mixed-White
2016-04-21 00:52:19.837,,5-Star-Halliday-Winery-Mega-Bundle-14-Bottles,,5-Star-Halliday-Winery-Mega-Bundle-14-Bottles,110,wine,67,Mixed-Red
2016-04-21 00:52:20.277,,,Mixed-Red,Mixed-Red,1,variety,67,5-Star-Halliday-Winery-Mega-Bundle-14-Bottles
2016-04-21 00:45:00.622,White-Wine,,,White-Wine,8,type,68,
2016-04-21 00:45:19.555,Sparkling-and-Champagne,,,Sparkling-and-Champagne,19,type,68,White-Wine
2016-04-21 00:45:49.63,Sparkling-and-Champagne,,,Sparkling-and-Champagne,30,type,68,Sparkling-and-Champagne
2016-04-21 00:46:28.76,,Yellowglen-Bella-Sparkling-2013-Gift-Pack-6-bottles,,Yellowglen-Bella-Sparkling-2013-Gift-Pack-6-bottles,39,wine,68,Sparkling-and-Champagne
2016-04-21 00:46:29.241,,,Sparkling-varieties,Sparkling-varieties,1,variety,68,Yellowglen-Bella-Sparkling-2013-Gift-Pack-6-bottles
2016-04-21 00:47:14.049,Mixed-Red-and-White,,,Mixed-Red-and-White,45,type,68,Sparkling-varieties
2016-04-21 00:49:19.263,,Everyones-Entertaining-Mixed-Dozen,,Everyones-Entertaining-Mixed-Dozen,125,wine,68,Mixed-Red-and-White
2016-04-21 00:49:19.736,,,Mixed-Case-and-Sparkling,Mixed-Case-and-Sparkling,0,variety,68,Everyones-Entertaining-Mixed-Dozen
2016-04-21 00:00:06.737,Red-Wine,,,Red-Wine,,type,85,
2016-04-21 00:01:42.273,Red-Wine,,,Red-Wine,96,type,85,Red-Wine
2016-04-21 00:02:33.497,Red-Wine,,,Red-Wine,51,type,85,Red-Wine
2016-04-21 00:03:12.456,Red-Wine,,,Red-Wine,39,type,85,Red-Wine
2016-04-21 00:03:46.962,Red-Wine,,,Red-Wine,34,type,85,Red-Wine
2016-04-21 00:04:32.174,Red-Wine,,,Red-Wine,46,type,85,Red-Wine
2016-04-21 00:26:48.086,White-Wine,,,White-Wine,0,type,111,
2016-04-21 00:27:00.623,White-Wine,,,White-Wine,12,type,111,White-Wine
2016-04-21 00:35:30.677,,Creswell-Clare-Valley-Shiraz-2014-12-Bottles,,Creswell-Clare-Valley-Shiraz-2014-12-Bottles,,wine,41,
2016-04-21 00:35:33.962,,,Shiraz,Shiraz,3,variety,41,Creswell-Clare-Valley-Shiraz-2014-12-Bottles
2016-04-21 00:39:32.956,,Secret-95-Pt-McLaren-Vale-GSM-2013-12-Bottles,,Secret-95-Pt-McLaren-Vale-GSM-2013-12-Bottles,15,wine,41,Shiraz
2016-04-21 00:39:33.463,,,Grenache-Shiraz-Mourvedre,Grenache-Shiraz-Mourvedre,1,variety,41,Secret-95-Pt-McLaren-Vale-GSM-2013-12-Bottles
2016-04-21 00:40:16.105,,Poulter-Pawlyk-McLaren-Vale-GSM-2013-12-Bottles,,Poulter-Pawlyk-McLaren-Vale-GSM-2013-12-Bottles,9,wine,41,Grenache-Shiraz-Mourvedre
2016-04-21 00:40:16.608,,,Grenache-Shiraz-Mataro,Grenache-Shiraz-Mataro,0,variety,41,Poulter-Pawlyk-McLaren-Vale-GSM-2013-12-Bottles
2016-04-21 00:40:16.772,,Hardys-Tintara-GSM-2013-6-Bottles,,Hardys-Tintara-GSM-2013-6-Bottles,0,wine,41,Grenache-Shiraz-Mataro
2016-04-21 00:40:17.315,,,Grenache-Shiraz-Mataro,Grenache-Shiraz-Mataro,1,variety,41,Hardys-Tintara-GSM-2013-6-Bottles
2016-04-21 00:43:55.963,,Byron-Harold-Tandem-WA-Cabernet-Merlot-2013-12-Bottles,,Byron-Harold-Tandem-WA-Cabernet-Merlot-2013-12-Bottles,218,wine,41,Grenache-Shiraz-Mataro
2016-04-21 00:43:56.409,,,Cabernet-Merlot,Cabernet-Merlot,1,variety,41,Byron-Harold-Tandem-WA-Cabernet-Merlot-2013-12-Bottles
2016-04-21 00:09:56.977,,Pure-Pinot-Noirs-12-Bottles,,Pure-Pinot-Noirs-12-Bottles,57,wine,52,
2016-04-21 00:09:57.398,,,Pinot-Noir,Pinot-Noir,1,variety,52,Pure-Pinot-Noirs-12-Bottles
2016-04-21 00:02:59.198,Red-Wine,,,Red-Wine,2,type,80,
2016-04-21 00:03:10.938,Red-Wine,,,Red-Wine,11,type,80,Red-Wine
2016-04-21 00:03:18.772,Red-Wine,,,Red-Wine,8,type,80,Red-Wine
2016-04-21 00:03:29.855,Red-Wine,,,Red-Wine,11,type,80,Red-Wine
2016-04-21 00:03:39.355,Red-Wine,,,Red-Wine,10,type,80,Red-Wine
2016-04-21 00:03:47.148,Red-Wine,,,Red-Wine,8,type,80,Red-Wine
2016-04-21 00:07:58.66,,,Chardonnay,Chardonnay,,variety,25,
2016-04-21 00:07:59.139,,,Chardonnay,Chardonnay,1,variety,25,Chardonnay
2016-04-21 00:07:59.931,,,Chardonnay,Chardonnay,0,variety,25,Chardonnay
2016-04-21 00:07:59.942,,,Chardonnay,Chardonnay,0,variety,25,Chardonnay
2016-04-21 00:08:14.635,Mixed-Red-and-White,,,Mixed-Red-and-White,0,type,25,Chardonnay
2016-04-21 00:08:26.259,Red-Wine,,,Red-Wine,0,type,25,Mixed-Red-and-White
2016-04-21 00:08:29.597,,,Chardonnay,Chardonnay,3,variety,25,Red-Wine
2016-04-21 00:08:42.151,,,Chardonnay,Chardonnay,13,variety,25,Chardonnay
2016-04-21 00:08:46.367,,,Chardonnay,Chardonnay,4,variety,25,Chardonnay
2016-04-21 00:08:49.475,,,Chardonnay,Chardonnay,3,variety,25,Chardonnay
2016-04-21 00:34:22.276,Red-Wine,,,Red-Wine,,type,59,
2016-04-21 00:35:01.496,Red-Wine,,,Red-Wine,39,type,59,Red-Wine
2016-04-21 00:35:35.303,Red-Wine,,,Red-Wine,34,type,59,Red-Wine
2016-04-21 00:36:08.888,Red-Wine,,,Red-Wine,33,type,59,Red-Wine
2016-04-21 00:36:52.775,Red-Wine,,,Red-Wine,44,type,59,Red-Wine
2016-04-21 00:37:24.344,Red-Wine,,,Red-Wine,32,type,59,Red-Wine
2016-04-21 00:37:52.165,Red-Wine,,,Red-Wine,28,type,59,Red-Wine
2016-04-21 00:38:28.011,Red-Wine,,,Red-Wine,36,type,59,Red-Wine
2016-04-21 00:40:07.341,Red-Wine,,,Red-Wine,99,type,59,Red-Wine
2016-04-21 00:40:52.701,Red-Wine,,,Red-Wine,45,type,59,Red-Wine
2016-04-21 00:01:10.542,White-Wine,,,White-Wine,,type,69,
2016-04-21 00:01:17.714,White-Wine,,Sauvignon-Blanc,White-WineSauvignon-Blanc,7,type,69,White-Wine
2016-04-21 00:01:29.744,White-Wine,,Sauvignon-Blanc,White-WineSauvignon-Blanc,12,type,69,White-WineSauvignon-Blanc
2016-04-21 00:02:03.004,White-Wine,,Sauvignon-Blanc,White-WineSauvignon-Blanc,34,type,69,White-WineSauvignon-Blanc
2016-04-21 00:02:22.886,White-Wine,,Sauvignon-Blanc,White-WineSauvignon-Blanc,19,type,69,White-WineSauvignon-Blanc
2016-04-21 00:03:36.64,,,Sauvignon-Blanc,Sauvignon-Blanc,0,variety,69,White-WineSauvignon-Blanc
2016-04-21 00:40:37.98,,Trident-SEA-Shiraz-2015-12-Bottles,,Trident-SEA-Shiraz-2015-12-Bottles,,wine,112,
2016-04-21 00:40:38.665,,,Shiraz,Shiraz,1,variety,112,Trident-SEA-Shiraz-2015-12-Bottles
2016-04-21 00:41:34.489,,14-For-79-Shiraz-and-Mates-Mix-14-Bottles,,14-For-79-Shiraz-and-Mates-Mix-14-Bottles,56,wine,112,Shiraz
2016-04-21 00:41:35.04,,,Mixed-Red,Mixed-Red,1,variety,112,14-For-79-Shiraz-and-Mates-Mix-14-Bottles
2016-04-21 00:25:23.791,Red-Wine,,,Red-Wine,,type,114,
2016-04-21 00:25:32.94,Red-Wine,,,Red-Wine,9,type,114,Red-Wine
2016-04-21 00:26:09.975,Red-Wine,,,Red-Wine,37,type,114,Red-Wine
2016-04-21 00:26:16.712,Red-Wine,,,Red-Wine,7,type,114,Red-Wine
2016-04-21 00:44:38.822,,,Mixed-Red,Mixed-Red,100,variety,33,
2016-04-21 00:45:12.593,,Red-Wine-and-Beer-Mix-18-bottle,,Red-Wine-and-Beer-Mix-18-bottle,34,wine,33,Mixed-Red
2016-04-21 00:45:12.995,,,Mixed-Case-and-Beer,Mixed-Case-and-Beer,0,variety,33,Red-Wine-and-Beer-Mix-18-bottle
2016-04-21 00:45:13.332,Mixed-Red-and-White,,,Mixed-Red-and-White,1,type,33,Mixed-Case-and-Beer
2016-04-21 00:45:57.84,,Big-House-Red-Mixed-Case-14-Bottles,,Big-House-Red-Mixed-Case-14-Bottles,44,wine,33,Mixed-Red-and-White
2016-04-21 00:45:58.263,,,Mixed-Red,Mixed-Red,1,variety,33,Big-House-Red-Mixed-Case-14-Bottles
2016-04-21 00:48:47.538,Sparkling-and-Champagne,,,Sparkling-and-Champagne,43,type,33,Mixed-Red
2016-04-21 00:51:35.627,Sparkling-and-Champagne,,,Sparkling-and-Champagne,168,type,33,Sparkling-and-Champagne
2016-04-21 00:52:01.421,Sparkling-and-Champagne,,,Sparkling-and-Champagne,26,type,33,Sparkling-and-Champagne
2016-04-21 00:29:42.622,Red-Wine,,,Red-Wine,5,type,22,
2016-04-21 00:29:53.722,Red-Wine,,,Red-Wine,11,type,22,Red-Wine
2016-04-21 00:30:05.049,Red-Wine,,,Red-Wine,12,type,22,Red-Wine
2016-04-21 00:30:17.767,Red-Wine,,,Red-Wine,12,type,22,Red-Wine
2016-04-21 00:30:28.064,Red-Wine,,,Red-Wine,11,type,22,Red-Wine
2016-04-21 00:31:55.631,Red-Wine,,,Red-Wine,87,type,22,Red-Wine
2016-04-21 00:32:07.651,Red-Wine,,,Red-Wine,12,type,22,Red-Wine
2016-04-21 00:32:22.173,Red-Wine,,,Red-Wine,15,type,22,Red-Wine
2016-04-21 00:32:38.039,Red-Wine,,,Red-Wine,16,type,22,Red-Wine
2016-04-21 00:32:59.449,Red-Wine,,,Red-Wine,21,type,22,Red-Wine
2016-04-21 00:33:47.662,Red-Wine,,,Red-Wine,48,type,22,Red-Wine
2016-04-21 00:14:07.183,,,Shiraz,Shiraz,,variety,74,
2016-04-21 00:27:28.536,,Peter-Lehmann-Back-to-Back-Barossa-Shiraz-2013-Doz,,Peter-Lehmann-Back-to-Back-Barossa-Shiraz-2013-Doz,2,wine,74,Shiraz
2016-04-21 00:27:28.873,,,Shiraz,Shiraz,0,variety,74,Peter-Lehmann-Back-to-Back-Barossa-Shiraz-2013-Doz
2016-04-21 00:45:07.076,White-Wine,,Semillon-Sauvignon-Blanc,White-WineSemillon-Sauvignon-Blanc,1059,type,74,Shiraz
2016-04-21 00:45:18.988,,,Cabernet-Sauvignon,Cabernet-Sauvignon,11,variety,74,White-WineSemillon-Sauvignon-Blanc
2016-04-21 00:08:42.107,Red-Wine,,Tempranillo,Red-WineTempranillo,,type,53,
2016-04-21 00:10:14.202,Red-Wine,,Cabernet-Sauvignon,Red-WineCabernet-Sauvignon,92,type,53,Red-WineTempranillo
2016-04-21 00:10:49.43,Red-Wine,,Cabernet-Sauvignon,Red-WineCabernet-Sauvignon,35,type,53,Red-WineCabernet-Sauvignon
2016-04-21 00:11:36.757,Red-Wine,,Shiraz-Cabernet-Sauvignon,Red-WineShiraz-Cabernet-Sauvignon,47,type,53,Red-WineCabernet-Sauvignon
2016-04-21 00:11:51.432,Red-Wine,,Bordeaux-Blend,Red-WineBordeaux-Blend,15,type,53,Red-WineShiraz-Cabernet-Sauvignon
2016-04-21 00:12:38.683,Red-Wine,,Shiraz-Cabernet,Red-WineShiraz-Cabernet,47,type,53,Red-WineBordeaux-Blend
2016-04-21 00:13:06.974,Red-Wine,,Shiraz-Cabernet-Sauvignon,Red-WineShiraz-Cabernet-Sauvignon,28,type,53,Red-WineShiraz-Cabernet
2016-04-21 00:13:25.629,Red-Wine,,Shiraz-Mataro,Red-WineShiraz-Mataro,19,type,53,Red-WineShiraz-Cabernet-Sauvignon
2016-04-21 00:13:36.006,Red-Wine,,Cabernet-Sauvignon,Red-WineCabernet-Sauvignon,11,type,53,Red-WineShiraz-Mataro
2016-04-21 00:13:46.972,,Dandelion-Pride-of-the-Fleurieu-Cabernet-2013-12-Bottles,,Dandelion-Pride-of-the-Fleurieu-Cabernet-2013-12-Bottles,10,wine,53,Red-WineCabernet-Sauvignon
2016-04-21 00:13:47.318,,,Cabernet-Sauvignon,Cabernet-Sauvignon,1,variety,53,Dandelion-Pride-of-the-Fleurieu-Cabernet-2013-12-Bottles
2016-04-21 00:44:32.594,Red-Wine,,,Red-Wine,28,type,45,
2016-04-21 00:45:13.925,,Biscay-Road-McLarenVale-Shiraz-2014-12-Bottles,,Biscay-Road-McLarenVale-Shiraz-2014-12-Bottles,9,wine,45,Red-Wine
2016-04-21 00:45:14.988,,,Shiraz,Shiraz,1,variety,45,Biscay-Road-McLarenVale-Shiraz-2014-12-Bottles
2016-04-21 00:47:25.267,Red-Wine,,,Red-Wine,131,type,45,Shiraz
2016-04-21 00:47:50.281,Red-Wine,,,Red-Wine,25,type,45,Red-Wine
2016-04-21 00:48:14.912,Red-Wine,,,Red-Wine,24,type,45,Red-Wine
2016-04-21 00:52:46.721,,Grant-Burge-Batch-27-Cab-Shiraz-2013-12-Bottles,,Grant-Burge-Batch-27-Cab-Shiraz-2013-12-Bottles,272,wine,45,Red-Wine
2016-04-21 00:52:47.232,,,Cabernet-Shiraz,Cabernet-Shiraz,1,variety,45,Grant-Burge-Batch-27-Cab-Shiraz-2013-12-Bottles
2016-04-21 00:22:11.278,,,Pinot-Grigio,Pinot-Grigio,28,variety,7,
2016-04-21 00:22:32.853,,,Pinot-Gris,Pinot-Gris,21,variety,7,Pinot-Grigio
2016-04-21 00:22:51.994,,,Pinot-Gris-SLASH-Pinot-Grigio,Pinot-Gris-SLASH-Pinot-Grigio,19,variety,7,Pinot-Gris
2016-04-21 00:19:10.826,White-Wine,,Sauvignon-Blanc,White-WineSauvignon-Blanc,,type,60,
2016-04-21 00:19:24.177,White-Wine,,Sauvignon-Blanc,White-WineSauvignon-Blanc,14,type,60,White-WineSauvignon-Blanc
2016-04-21 00:20:06.637,Red-Wine,,,Red-Wine,42,type,60,White-WineSauvignon-Blanc
2016-04-21 00:20:15.406,Red-Wine,,Shiraz,Red-WineShiraz,9,type,60,Red-Wine
2016-04-21 00:20:41.78,Red-Wine,,Shiraz,Red-WineShiraz,26,type,60,Red-WineShiraz
2016-04-21 00:21:03.49,Red-Wine,,Shiraz,Red-WineShiraz,22,type,60,Red-WineShiraz
2016-04-21 00:21:32.137,Red-Wine,,Shiraz,Red-WineShiraz,29,type,60,Red-WineShiraz
2016-04-21 00:21:54.501,Red-Wine,,Shiraz,Red-WineShiraz,22,type,60,Red-WineShiraz
2016-04-21 00:22:21.448,Red-Wine,,Merlot,Red-WineMerlot,27,type,60,Red-WineShiraz
2016-04-21 00:22:38.43,Red-Wine,,Merlot,Red-WineMerlot,17,type,60,Red-WineMerlot
2016-04-21 00:13:49.442,Red-Wine,,,Red-Wine,,type,1,
2016-04-21 00:16:00.769,,Mystery-Mt-Barker-Riesling-2012-12-Bottles,,Mystery-Mt-Barker-Riesling-2012-12-Bottles,16,wine,1,Red-Wine
2016-04-21 00:16:01.242,,,Riesling,Riesling,1,variety,1,Mystery-Mt-Barker-Riesling-2012-12-Bottles
2016-04-21 00:16:45.04,Red-Wine,,,Red-Wine,28,type,1,Riesling
2016-04-21 00:17:05.454,Red-Wine,,,Red-Wine,20,type,1,Red-Wine
2016-04-21 00:17:25.613,Red-Wine,,,Red-Wine,20,type,1,Red-Wine
2016-04-21 00:17:56.422,Red-Wine,,,Red-Wine,31,type,1,Red-Wine
2016-04-21 00:18:04.472,Red-Wine,,,Red-Wine,8,type,1,Red-Wine
2016-04-21 00:18:12.257,Red-Wine,,,Red-Wine,8,type,1,Red-Wine
2016-04-21 00:18:30.74,Red-Wine,,,Red-Wine,18,type,1,Red-Wine
2016-04-21 00:18:53.969,Red-Wine,,,Red-Wine,23,type,1,Red-Wine
2016-04-21 00:19:16.129,Red-Wine,,,Red-Wine,23,type,1,Red-Wine
2016-04-21 00:19:31.353,Red-Wine,,,Red-Wine,15,type,1,Red-Wine
2016-04-21 00:19:52.213,Red-Wine,,,Red-Wine,21,type,1,Red-Wine
2016-04-21 00:20:03.42,,Secret-91-Point-Blackwood-Valley-Shiraz-2013-12-Bottles,,Secret-91-Point-Blackwood-Valley-Shiraz-2013-12-Bottles,11,wine,1,Red-Wine
2016-04-21 00:20:03.968,,,Shiraz,Shiraz,0,variety,1,Secret-91-Point-Blackwood-Valley-Shiraz-2013-12-Bottles
2016-04-21 00:21:22.223,,Cross-Quay-Eden-Valley-Pinot-Gris-2015-12-Bottles,,Cross-Quay-Eden-Valley-Pinot-Gris-2015-12-Bottles,9,wine,1,Shiraz
2016-04-21 00:21:22.826,,,Pinot-Grigio,Pinot-Grigio,0,variety,1,Cross-Quay-Eden-Valley-Pinot-Gris-2015-12-Bottles
2016-04-21 00:21:23.459,White-Wine,,,White-Wine,1,type,1,Pinot-Grigio
2016-04-21 00:21:28.701,Mixed-Red-and-White,,,Mixed-Red-and-White,5,type,1,White-Wine
2016-04-21 00:21:57.136,Mixed-Red-and-White,,,Mixed-Red-and-White,29,type,1,Mixed-Red-and-White
2016-04-21 00:22:07.912,Mixed-Red-and-White,,,Mixed-Red-and-White,10,type,1,Mixed-Red-and-White
2016-04-21 00:22:26.243,,Riesling-Superstars-6-Bottles,,Riesling-Superstars-6-Bottles,19,wine,1,Mixed-Red-and-White
2016-04-21 00:22:27.011,,,Riesling,Riesling,1,variety,1,Riesling-Superstars-6-Bottles
2016-04-21 00:22:56.322,White-Wine,,,White-Wine,29,type,1,Riesling
2016-04-21 00:23:09.693,White-Wine,,,White-Wine,13,type,1,White-Wine
2016-04-21 00:23:21.29,White-Wine,,,White-Wine,12,type,1,White-Wine
2016-04-21 00:23:38.307,White-Wine,,,White-Wine,17,type,1,White-Wine
2016-04-21 00:23:51.465,,Mystery-94-point-Watervale-Riesling-2013-12-Bottles,,Mystery-94-point-Watervale-Riesling-2013-12-Bottles,13,wine,1,White-Wine
2016-04-21 00:23:52.479,,,Riesling,Riesling,1,variety,1,Mystery-94-point-Watervale-Riesling-2013-12-Bottles
2016-04-21 00:24:06.727,,Pinto-Soave-2014-6-Bottles,,Pinto-Soave-2014-6-Bottles,14,wine,1,Riesling
2016-04-21 00:24:07.541,,,Soave,Soave,1,variety,1,Pinto-Soave-2014-6-Bottles
2016-04-21 00:24:07.931,White-Wine,,,White-Wine,0,type,1,Soave
2016-04-21 00:24:20.769,White-Wine,,,White-Wine,13,type,1,White-Wine
2016-04-21 00:24:49.689,,GCV-Celtic-Farm-Clare-Valley-Riesling-2013-6-Bottles,,GCV-Celtic-Farm-Clare-Valley-Riesling-2013-6-Bottles,29,wine,1,White-Wine
2016-04-21 00:24:50.858,,,Riesling,Riesling,1,variety,1,GCV-Celtic-Farm-Clare-Valley-Riesling-2013-6-Bottles
2016-04-21 00:24:58.698,White-Wine,,,White-Wine,0,type,1,Riesling
2016-04-21 00:25:07.963,White-Wine,,,White-Wine,9,type,1,White-Wine
2016-04-21 00:25:12.955,White-Wine,,,White-Wine,5,type,1,White-Wine
2016-04-21 00:25:21.59,,,Riesling,Riesling,9,variety,1,White-Wine
2016-04-21 00:25:32.392,,,Riesling,Riesling,11,variety,1,Riesling
2016-04-21 00:25:44.364,White-Wine,,,White-Wine,12,type,1,Riesling
2016-04-21 00:25:58.121,Sparkling-and-Champagne,,,Sparkling-and-Champagne,14,type,1,White-Wine
2016-04-21 00:26:13.324,Sparkling-and-Champagne,,,Sparkling-and-Champagne,15,type,1,Sparkling-and-Champagne
2016-04-21 00:31:48.086,,CaBoscari-Negroamaro-Salento-IGT-2014-6-Bottles,,CaBoscari-Negroamaro-Salento-IGT-2014-6-Bottles,12,wine,1,Sparkling-and-Champagne
2016-04-21 00:31:48.626,,,Negroamaro,Negroamaro,0,variety,1,CaBoscari-Negroamaro-Salento-IGT-2014-6-Bottles
2016-04-21 00:15:39.786,,,Cabernet-Shiraz,Cabernet-Shiraz,,variety,100,
2016-04-21 00:44:42.856,Red-Wine,,,Red-Wine,,type,34,
2016-04-21 00:45:00.743,,Summer-Entertainers-Mix-12,,Summer-Entertainers-Mix-12,18,wine,34,Red-Wine
2016-04-21 00:45:01.239,,,Mixed-Case-and-Beer,Mixed-Case-and-Beer,1,variety,34,Summer-Entertainers-Mix-12
2016-04-21 00:45:01.691,Red-Wine,,,Red-Wine,0,type,34,Mixed-Case-and-Beer
2016-04-21 00:45:23.991,Red-Wine,,,Red-Wine,22,type,34,Red-Wine
2016-04-21 00:46:21.124,,Mixed-Red-Party-Case-12-Bottles,,Mixed-Red-Party-Case-12-Bottles,19,wine,34,Red-Wine
2016-04-21 00:46:21.673,,,Mixed-Red,Mixed-Red,0,variety,34,Mixed-Red-Party-Case-12-Bottles
2016-04-21 00:48:09.363,Red-Wine,,,Red-Wine,108,type,34,Mixed-Red
2016-04-21 00:49:13.425,Red-Wine,,,Red-Wine,64,type,34,Red-Wine
2016-04-21 00:49:50.811,Red-Wine,,,Red-Wine,37,type,34,Red-Wine
2016-04-21 00:51:40.374,Mixed-Red-and-White,,,Mixed-Red-and-White,110,type,34,Red-Wine
2016-04-21 00:52:03.969,,Value-Red-Mix-with-Johnnie-Walker,,Value-Red-Mix-with-Johnnie-Walker,23,wine,34,Mixed-Red-and-White
2016-04-21 00:52:05.379,,,Mix-Case-and-Spirits,Mix-Case-and-Spirits,2,variety,34,Value-Red-Mix-with-Johnnie-Walker
2016-04-21 00:52:07.437,Red-Wine,,,Red-Wine,2,type,34,Mix-Case-and-Spirits
2016-04-21 00:08:32.565,Sparkling-and-Champagne,,,Sparkling-and-Champagne,,type,23,
2016-04-21 00:09:19.984,Sparkling-and-Champagne,,Mixed-Sparkling,Sparkling-and-ChampagneMixed-Sparkling,47,type,23,Sparkling-and-Champagne
2016-04-21 00:11:10.846,Sparkling-and-Champagne,,,Sparkling-and-Champagne,33,type,23,Sparkling-and-ChampagneMixed-Sparkling
2016-04-21 00:11:20.395,Sparkling-and-Champagne,,,Sparkling-and-Champagne,10,type,23,Sparkling-and-Champagne
2016-04-21 00:00:29.151,Mixed-Red-and-White,,,Mixed-Red-and-White,,type,61,
2016-04-21 00:01:06.567,,Imported-Sparkling-Mix-12-Bottles,,Imported-Sparkling-Mix-12-Bottles,37,wine,61,Mixed-Red-and-White
2016-04-21 00:01:06.887,,,Mixed-Sparkling,Mixed-Sparkling,0,variety,61,Imported-Sparkling-Mix-12-Bottles
2016-04-21 00:01:07.209,Mixed-Red-and-White,,,Mixed-Red-and-White,1,type,61,Mixed-Sparkling
2016-04-21 00:01:41.429,Mixed-Red-and-White,,,Mixed-Red-and-White,34,type,61,Mixed-Red-and-White
2016-04-21 00:01:56.708,Mixed-Red-and-White,,,Mixed-Red-and-White,15,type,61,Mixed-Red-and-White
2016-04-21 00:02:31.858,,5-Star-Halliday-Winery-Mega-Bundle-14-Bottles,,5-Star-Halliday-Winery-Mega-Bundle-14-Bottles,35,wine,61,Mixed-Red-and-White
2016-04-21 00:02:32.172,,,Mixed-Red,Mixed-Red,1,variety,61,5-Star-Halliday-Winery-Mega-Bundle-14-Bottles
2016-04-21 00:02:38.69,,,Mixed-Sparkling,Mixed-Sparkling,6,variety,61,Mixed-Red
2016-04-21 00:02:39.005,Mixed-Red-and-White,,,Mixed-Red-and-White,1,type,61,Mixed-Sparkling
2016-04-21 00:50:03.185,,,Shiraz,Shiraz,,variety,115,
2016-04-21 00:00:33.292,Red-Wine,,,Red-Wine,,type,122,
2016-04-21 00:00:57.997,Red-Wine,,,Red-Wine,24,type,122,Red-Wine
2016-04-21 00:00:59.161,White-Wine,,,White-Wine,2,type,122,Red-Wine
2016-04-21 00:05:11.683,Sparkling-and-Champagne,,,Sparkling-and-Champagne,75,type,62,
2016-04-21 00:05:38.152,,Veuve-Clicquot-Yellow-Label-NV-Champagne_4,,Veuve-Clicquot-Yellow-Label-NV-Champagne_4,27,wine,62,Sparkling-and-Champagne
2016-04-21 00:05:38.922,,,Premium-Sparkling-varieties,Premium-Sparkling-varieties,0,variety,62,Veuve-Clicquot-Yellow-Label-NV-Champagne_4
2016-04-21 00:05:39.212,Sparkling-and-Champagne,,,Sparkling-and-Champagne,1,type,62,Premium-Sparkling-varieties
2016-04-21 00:05:42.199,Sparkling-and-Champagne,,,Sparkling-and-Champagne,3,type,62,Sparkling-and-Champagne
2016-04-21 00:06:02.626,Sparkling-and-Champagne,,,Sparkling-and-Champagne,20,type,62,Sparkling-and-Champagne
2016-04-21 00:33:28.08,,Grant-Burge-Batch-14-Rose-2014-12-Bottles,,Grant-Burge-Batch-14-Rose-2014-12-Bottles,4,wine,63,
2016-04-21 00:33:28.372,,,Rose,Rose,0,variety,63,Grant-Burge-Batch-14-Rose-2014-12-Bottles
2016-04-21 00:05:07.42,,Secret-Coonawarra-Merlot-2013-12-Bottles,,Secret-Coonawarra-Merlot-2013-12-Bottles,1,wine,123,
2016-04-21 00:05:11.491,,,Merlot,Merlot,4,variety,123,Secret-Coonawarra-Merlot-2013-12-Bottles
2016-04-21 00:52:33.286,,,Riesling,Riesling,6,variety,30,
2016-04-21 00:37:55.868,Red-Wine,,,Red-Wine,,type,124,
2016-04-21 00:38:34.183,Red-Wine,,,Red-Wine,39,type,124,Red-Wine
2016-04-21 00:38:56.612,Red-Wine,,,Red-Wine,22,type,124,Red-Wine
2016-04-21 00:45:01.188,White-Wine,,,White-Wine,,type,86,
2016-04-21 00:45:13.073,White-Wine,,,White-Wine,12,type,86,White-Wine
2016-04-21 00:45:28.808,White-Wine,,,White-Wine,15,type,86,White-Wine
2016-04-21 00:45:46.59,White-Wine,,,White-Wine,18,type,86,White-Wine
2016-04-21 00:50:25.906,,Bird-In-Hand-Adelaide-Hills-Sauv-Blanc-2012-Dozen,,Bird-In-Hand-Adelaide-Hills-Sauv-Blanc-2012-Dozen,279,wine,86,White-Wine
2016-04-21 00:50:26.477,,,Sauvignon-Blanc,Sauvignon-Blanc,1,variety,86,Bird-In-Hand-Adelaide-Hills-Sauv-Blanc-2012-Dozen
2016-04-21 00:00:39.81,Red-Wine,,,Red-Wine,,type,101,
2016-04-21 00:00:44.305,,Penfolds-Grange-2011-Vintage-Single-Bottle,,Penfolds-Grange-2011-Vintage-Single-Bottle,5,wine,101,Red-Wine
2016-04-21 00:00:44.625,,,Shiraz,Shiraz,0,variety,101,Penfolds-Grange-2011-Vintage-Single-Bottle
2016-04-21 00:00:49.452,,,Sauvignon-Blanc-Pinot-Gris,Sauvignon-Blanc-Pinot-Gris,5,variety,101,Shiraz
2016-04-21 00:00:49.682,,,Pinot-Gris-SLASH-Pinot-Grigio,Pinot-Gris-SLASH-Pinot-Grigio,0,variety,101,Sauvignon-Blanc-Pinot-Gris
2016-04-21 00:49:20.459,Sparkling-and-Champagne,,,Sparkling-and-Champagne,21,type,46,
2016-04-21 00:49:34.322,Red-Wine,,,Red-Wine,7,type,46,Sparkling-and-Champagne
2016-04-21 00:50:00.971,Red-Wine,,,Red-Wine,26,type,46,Red-Wine
2016-04-21 00:50:27.598,Red-Wine,,,Red-Wine,27,type,46,Red-Wine
2016-04-21 00:50:50.307,Red-Wine,,,Red-Wine,23,type,46,Red-Wine
2016-04-21 00:51:17.016,Red-Wine,,,Red-Wine,27,type,46,Red-Wine
2016-04-21 00:51:34.179,Red-Wine,,,Red-Wine,17,type,46,Red-Wine
2016-04-21 00:52:02.872,Red-Wine,,,Red-Wine,28,type,46,Red-Wine
2016-04-21 00:48:40.698,Red-Wine,,,Red-Wine,1,type,75,
2016-04-21 00:48:51.81,Red-Wine,,,Red-Wine,11,type,75,Red-Wine
2016-04-21 00:49:15.143,Red-Wine,,,Red-Wine,24,type,75,Red-Wine
2016-04-21 00:49:30.645,Red-Wine,,,Red-Wine,15,type,75,Red-Wine
2016-04-21 00:50:03.521,Red-Wine,,,Red-Wine,33,type,75,Red-Wine
2016-04-21 00:50:39.118,Red-Wine,,,Red-Wine,36,type,75,Red-Wine
2016-04-21 00:50:31.408,,The-Mixed-Wine-Spirit-Dozen-for-Him-12-bottles,,The-Mixed-Wine-Spirit-Dozen-for-Him-12-bottles,,wine,81,
2016-04-21 00:50:31.769,,,Mixed-case-%2B-spirits,Mixed-case-%2B-spirits,0,variety,81,The-Mixed-Wine-Spirit-Dozen-for-Him-12-bottles
2016-04-21 00:51:56.576,,Mixed-Red-Party-Case-12-Bottles,,Mixed-Red-Party-Case-12-Bottles,85,wine,81,Mixed-case-%2B-spirits
2016-04-21 00:51:56.903,,,Mixed-Red,Mixed-Red,0,variety,81,Mixed-Red-Party-Case-12-Bottles
2016-04-21 00:52:21.034,Mixed-Red-and-White,,,Mixed-Red-and-White,25,type,81,Mixed-Red
2016-04-21 00:52:48.506,,The-Complete-Summer-Whites-Sparkling-Mix-13-Bottles,,The-Complete-Summer-Whites-Sparkling-Mix-13-Bottles,27,wine,81,Mixed-Red-and-White
2016-04-21 00:52:49.078,,,Mixed-Case-and-Sparkling,Mixed-Case-and-Sparkling,1,variety,81,The-Complete-Summer-Whites-Sparkling-Mix-13-Bottles
2016-04-21 00:38:07.462,Red-Wine,,,Red-Wine,,type,21,
2016-04-21 00:38:19.535,Red-Wine,,,Red-Wine,12,type,21,Red-Wine
2016-04-21 00:38:30.936,Red-Wine,,,Red-Wine,11,type,21,Red-Wine
2016-04-21 00:40:54.732,Red-Wine,,,Red-Wine,144,type,21,Red-Wine
2016-04-21 00:42:02.742,Red-Wine,,,Red-Wine,68,type,21,Red-Wine
2016-04-21 00:42:45.074,Red-Wine,,,Red-Wine,2,type,21,Red-Wine
2016-04-21 00:42:51.542,Red-Wine,,,Red-Wine,6,type,21,Red-Wine
2016-04-21 00:43:06.773,Red-Wine,,,Red-Wine,15,type,21,Red-Wine
2016-04-21 00:43:23.538,,Grant-Burge-Batch-26-Merlot-2014-12-Bottles-2,,Grant-Burge-Batch-26-Merlot-2014-12-Bottles-2,17,wine,21,Red-Wine
2016-04-21 00:43:33.465,Red-Wine,,,Red-Wine,10,type,21,Grant-Burge-Batch-26-Merlot-2014-12-Bottles-2
2016-04-21 00:44:01.197,Red-Wine,,,Red-Wine,28,type,21,Red-Wine
2016-04-21 00:46:00.431,Sparkling-and-Champagne,,,Sparkling-and-Champagne,119,type,21,Red-Wine
2016-04-21 00:46:45.189,,Sieur-DArques-Aimery-Grand-Cuvee-1531-NV-6-Bottles,,Sieur-DArques-Aimery-Grand-Cuvee-1531-NV-6-Bottles,45,wine,21,Sparkling-and-Champagne
2016-04-21 00:46:45.568,,,Chardonnay-Mauzac-Chenin-Blanc,Chardonnay-Mauzac-Chenin-Blanc,0,variety,21,Sieur-DArques-Aimery-Grand-Cuvee-1531-NV-6-Bottles
2016-04-21 00:46:47.05,Sparkling-and-Champagne,,,Sparkling-and-Champagne,2,type,21,Chardonnay-Mauzac-Chenin-Blanc
2016-04-21 00:50:49.313,Sparkling-and-Champagne,,,Sparkling-and-Champagne,242,type,21,Sparkling-and-Champagne
2016-04-21 00:50:52.862,Mixed-Red-and-White,,,Mixed-Red-and-White,2,type,64,
2016-04-21 00:49:25.796,Red-Wine,,,Red-Wine,,type,54,
2016-04-21 00:49:37.955,Red-Wine,,Shiraz,Red-WineShiraz,12,type,54,Red-Wine
2016-04-21 00:50:07.471,,Creswell-Clare-Valley-Shiraz-2014-12-Bottles,,Creswell-Clare-Valley-Shiraz-2014-12-Bottles,30,wine,54,Red-WineShiraz
2016-04-21 00:50:07.837,,,Shiraz,Shiraz,0,variety,54,Creswell-Clare-Valley-Shiraz-2014-12-Bottles
2016-04-21 00:50:27.0,Red-Wine,,Shiraz,Red-WineShiraz,20,type,54,Shiraz
2016-04-21 00:51:06.425,Red-Wine,,Shiraz,Red-WineShiraz,39,type,54,Red-WineShiraz
2016-04-21 00:51:22.587,,Hesketh-The-Protagonist-Barossa-Shiraz-2013-12-Bottles,,Hesketh-The-Protagonist-Barossa-Shiraz-2013-12-Bottles,16,wine,54,Red-WineShiraz
2016-04-21 00:51:22.961,,,Shiraz,Shiraz,0,variety,54,Hesketh-The-Protagonist-Barossa-Shiraz-2013-12-Bottles
2016-04-21 00:51:57.395,Red-Wine,,Shiraz,Red-WineShiraz,35,type,54,Shiraz
2016-04-21 00:52:38.662,,Penfolds-Koonunga-Hill-Shiraz-2013-Dozen,,Penfolds-Koonunga-Hill-Shiraz-2013-Dozen,41,wine,54,Red-WineShiraz
2016-04-21 00:52:39.17,,,Shiraz,Shiraz,1,variety,54,Penfolds-Koonunga-Hill-Shiraz-2013-Dozen
2016-04-21 00:16:22.2,,Mixed-Red-Party-Case-12-Bottles,,Mixed-Red-Party-Case-12-Bottles,10,wine,35,
2016-04-21 00:16:22.645,,,Mixed-Red,Mixed-Red,0,variety,35,Mixed-Red-Party-Case-12-Bottles
2016-04-21 00:17:06.476,Mixed-Red-and-White,,,Mixed-Red-and-White,44,type,35,Mixed-Red
2016-04-21 00:17:42.205,,Magnificent-Reds-Johnnie-12-Pack,,Magnificent-Reds-Johnnie-12-Pack,10,wine,35,Mixed-Red-and-White
2016-04-21 00:17:43.134,,,Mixed-Red,Mixed-Red,1,variety,35,Magnificent-Reds-Johnnie-12-Pack
2016-04-21 00:18:12.546,,,Mixed-case-%2B-spirits,Mixed-case-%2B-spirits,10,variety,35,Mixed-Red
2016-04-21 00:18:12.774,Mixed-Red-and-White,,,Mixed-Red-and-White,0,type,35,Mixed-case-%2B-spirits
2016-04-21 00:19:37.121,,,Cabernet-Sauvignon,Cabernet-Sauvignon,10,variety,35,Mixed-Red-and-White
2016-04-21 00:20:59.566,,Pure-Pinot-Noirs-12-Bottles,,Pure-Pinot-Noirs-12-Bottles,10,wine,35,Cabernet-Sauvignon
2016-04-21 00:21:00.323,,,Pinot-Noir,Pinot-Noir,1,variety,35,Pure-Pinot-Noirs-12-Bottles
2016-04-21 00:39:33.486,Red-Wine,,,Red-Wine,,type,47,
2016-04-21 00:41:02.433,Mixed-Red-and-White,,,Mixed-Red-and-White,89,type,47,Red-Wine
2016-04-21 00:42:03.881,Mixed-Red-and-White,,,Mixed-Red-and-White,9,type,47,Mixed-Red-and-White
2016-04-21 00:42:07.632,Mixed-Red-and-White,,,Mixed-Red-and-White,4,type,47,Mixed-Red-and-White
2016-04-21 00:42:15.267,Mixed-Red-and-White,,,Mixed-Red-and-White,8,type,47,Mixed-Red-and-White
2016-04-21 00:42:30.17,Mixed-Red-and-White,,,Mixed-Red-and-White,15,type,47,Mixed-Red-and-White
2016-04-21 00:42:39.781,,,Mixed-Red,Mixed-Red,9,variety,47,Mixed-Red-and-White
2016-04-21 00:45:44.931,Mixed-Red-and-White,,,Mixed-Red-and-White,185,type,47,Mixed-Red
2016-04-21 00:46:15.581,,,Mixed-Red,Mixed-Red,31,variety,47,Mixed-Red-and-White
2016-04-21 00:29:08.458,,,Shiraz,Shiraz,,variety,28,
2016-04-21 00:27:21.803,,search&_=XXXXXXXXXXXXXXXX,,search&_=XXXXXXXXXXXXXXXX,4,wine,82,
2016-04-21 00:09:38.232,Red-Wine,,,Red-Wine,,type,87,
2016-04-21 00:10:38.833,Red-Wine,,,Red-Wine,60,type,87,Red-Wine
2016-04-21 00:10:56.523,Red-Wine,,,Red-Wine,18,type,87,Red-Wine
2016-04-21 00:11:24.854,Red-Wine,,,Red-Wine,28,type,87,Red-Wine
2016-04-21 00:11:54.667,Red-Wine,,,Red-Wine,30,type,87,Red-Wine
2016-04-21 00:12:09.468,Red-Wine,,,Red-Wine,15,type,87,Red-Wine
2016-04-21 00:04:10.405,,Mystery-Fleurieu-Peninsula-Pinot-Noir-2013-6-Bottles,,Mystery-Fleurieu-Peninsula-Pinot-Noir-2013-6-Bottles,,wine,102,
2016-04-21 00:04:13.962,,,Pinot-Noir,Pinot-Noir,3,variety,102,Mystery-Fleurieu-Peninsula-Pinot-Noir-2013-6-Bottles
2016-04-21 00:05:04.564,,,Pinot-Noir,Pinot-Noir,13,variety,102,Pinot-Noir
2016-04-21 00:04:08.919,Red-Wine,,,Red-Wine,,type,37,
2016-04-21 00:04:45.737,Red-Wine,,,Red-Wine,37,type,37,Red-Wine
2016-04-21 00:05:10.972,Red-Wine,,,Red-Wine,25,type,37,Red-Wine
2016-04-21 00:05:24.06,Red-Wine,,,Red-Wine,14,type,37,Red-Wine
2016-04-21 00:05:37.705,Red-Wine,,,Red-Wine,13,type,37,Red-Wine
2016-04-21 00:06:07.331,Red-Wine,,,Red-Wine,30,type,37,Red-Wine
2016-04-21 00:06:26.907,Red-Wine,,,Red-Wine,19,type,37,Red-Wine
2016-04-21 00:06:40.324,Red-Wine,,,Red-Wine,14,type,37,Red-Wine
2016-04-21 00:07:02.04,,De-Bortoli-Family-Reserve-Shiraz-2014-12-Bottles,,De-Bortoli-Family-Reserve-Shiraz-2014-12-Bottles,22,wine,37,Red-Wine
2016-04-21 00:07:02.372,,,Shiraz,Shiraz,0,variety,37,De-Bortoli-Family-Reserve-Shiraz-2014-12-Bottles
2016-04-21 00:08:03.541,,Biscay-Road-McLarenVale-Shiraz-2014-12-Bottles,,Biscay-Road-McLarenVale-Shiraz-2014-12-Bottles,61,wine,37,Shiraz
2016-04-21 00:08:03.927,,,Shiraz,Shiraz,0,variety,37,Biscay-Road-McLarenVale-Shiraz-2014-12-Bottles
2016-04-21 00:07:37.701,Red-Wine,,,Red-Wine,3,type,125,
2016-04-21 00:08:00.087,Red-Wine,,,Red-Wine,23,type,125,Red-Wine
2016-04-21 00:01:11.605,,,Shiraz,Shiraz,,variety,103,
2016-04-21 00:01:43.142,,,Shiraz,Shiraz,32,variety,103,Shiraz
2016-04-21 00:02:54.054,White-Wine,,Sauvignon-Blanc-Semillon,White-WineSauvignon-Blanc-Semillon,25,type,103,Shiraz
2016-04-21 00:03:17.075,White-Wine,,Semillon-Sauvignon-Blanc,White-WineSemillon-Sauvignon-Blanc,23,type,103,White-WineSauvignon-Blanc-Semillon
2016-04-21 00:31:20.043,White-Wine,,Sauvignon-Blanc,White-WineSauvignon-Blanc,,type,48,
2016-04-21 00:31:25.834,White-Wine,,Sauvignon-Blanc,White-WineSauvignon-Blanc,5,type,48,White-WineSauvignon-Blanc
2016-04-21 00:31:56.234,,Ti-Point-Marlborough-Sauvignon-Blanc-2014-12-Bottles,,Ti-Point-Marlborough-Sauvignon-Blanc-2014-12-Bottles,11,wine,48,White-WineSauvignon-Blanc
2016-04-21 00:31:59.355,,,Sauvignon-Blanc,Sauvignon-Blanc,3,variety,48,Ti-Point-Marlborough-Sauvignon-Blanc-2014-12-Bottles
2016-04-21 00:11:17.37,,Domaine-Chandon-Les-Trois-Rose-6-Bottles,,Domaine-Chandon-Les-Trois-Rose-6-Bottles,9,wine,76,
2016-04-21 00:11:17.759,,,Chardonnay-Pinot-Noir,Chardonnay-Pinot-Noir,0,variety,76,Domaine-Chandon-Les-Trois-Rose-6-Bottles
2016-04-21 00:11:18.026,Sparkling-and-Champagne,,,Sparkling-and-Champagne,1,type,76,Chardonnay-Pinot-Noir
2016-04-21 00:05:19.75,,,Shiraz,Shiraz,0,variety,88,
2016-04-21 00:05:27.225,,Hero-Red-Mix-6-bottles-Decanter,,Hero-Red-Mix-6-bottles-Decanter,2,wine,88,Shiraz
2016-04-21 00:05:28.444,,,Mixed-Case-%2B-Gift,Mixed-Case-%2B-Gift,1,variety,88,Hero-Red-Mix-6-bottles-Decanter
2016-04-21 00:28:34.065,White-Wine,,,White-Wine,6,type,12,
2016-04-21 00:28:51.436,White-Wine,,,White-Wine,17,type,12,White-Wine
2016-04-21 00:29:18.245,White-Wine,,,White-Wine,27,type,12,White-Wine
2016-04-21 00:29:33.099,Red-Wine,,,Red-Wine,15,type,12,White-Wine
2016-04-21 00:29:42.987,Red-Wine,,,Red-Wine,9,type,12,Red-Wine
2016-04-21 00:29:51.359,Red-Wine,,,Red-Wine,8,type,12,Red-Wine
2016-04-21 00:30:08.94,Red-Wine,,,Red-Wine,17,type,12,Red-Wine
2016-04-21 00:30:15.877,Red-Wine,,,Red-Wine,6,type,12,Red-Wine
2016-04-21 00:30:35.252,Red-Wine,,,Red-Wine,20,type,12,Red-Wine
2016-04-21 00:30:41.146,Red-Wine,,,Red-Wine,6,type,12,Red-Wine
2016-04-21 00:31:04.848,Mixed-Red-and-White,,,Mixed-Red-and-White,23,type,12,Red-Wine
2016-04-21 00:31:30.375,Mixed-Red-and-White,,,Mixed-Red-and-White,26,type,12,Mixed-Red-and-White
2016-04-21 00:32:01.602,Mixed-Red-and-White,,,Mixed-Red-and-White,31,type,12,Mixed-Red-and-White
2016-04-21 00:47:31.085,,,Pinot-Gris-SLASH-Pinot-Grigio,Pinot-Gris-SLASH-Pinot-Grigio,,variety,31,
2016-04-21 00:48:11.236,White-Wine,,,White-Wine,40,type,31,Pinot-Gris-SLASH-Pinot-Grigio
2016-04-21 00:48:22.755,White-Wine,,,White-Wine,11,type,31,White-Wine
2016-04-21 00:48:51.042,White-Wine,,,White-Wine,29,type,31,White-Wine
2016-04-21 00:49:23.881,White-Wine,,,White-Wine,32,type,31,White-Wine
2016-04-21 00:49:29.24,White-Wine,,,White-Wine,5,type,31,White-Wine
2016-04-21 00:49:39.146,White-Wine,,,White-Wine,10,type,31,White-Wine
